Titre,Réalisateur,Date de sortie,Genres,Résumé,Note
Threat Level Midnight,Tucker Gates,2011,['Comédie'],"Après 11 ans de préparation, Michael Scott nous livre enfin son épisode spécial Threat Level Midnight. Cet épisode met en scène Michael Scarn, son acolyte Dwight, et Jim : ""Goldenface"", ainsi que plusieurs autres connaissances de Michael.",8.7
Douze Hommes en colère,Sidney Lumet,1957,"['Policier', 'Drame']","Un jeune homme d’origine modeste est accusé du meurtre de son père et risque la peine de mort. Le jury composé de douze hommes se retire pour délibérer et procède immédiatement à un vote : onze votent coupable, or la décision doit être prise à l’unanimité. Le juré (Henry Fonda) qui a voté non-coupable, sommé de se justifier, explique qu’il a un doute et que la vie d’un homme mérite quelques heures de discussion. Il s’emploie alors à les convaincre un par un...",8.7
Harakiri,Masaki Kobayashi,1962,['Drame'],"Au XVIIe siècle, le Japon n’est plus en guerre et le pays est dirigé avec fermeté. Hanshirô Tsugumo, un rônin (samouraï errant) sans travail parmi tant d’autres, décide de frapper à la porte du puissant clan des Ii. Reçu par Kageyu Saitô, l'intendant du clan, il lui demande la permission d'accomplir le suicide par harakiri dans la résidence. Tentant de l’en dissuader, Saitô commence alors à lui raconter l’histoire de Motome Chijiwa, un ancien rônin qui souhaitait accomplir, lui aussi, le même...  Voir plus",8.6
Blade Runner : The Final Cut,Ridley Scott,2007,['Science-fiction'],"Dans les dernières années du 20ème siècle, des milliers d'hommes et de femmes partent à la conquête de l'espace, fuyant les mégalopoles devenues insalubres. Sur les colonies, une nouvelle race d'esclaves voit le jour : les répliquants, des androïdes que rien ne peut distinguer de l'être humain. Los Angeles, 2019. Après avoir massacré un équipage et pris le contrôle d'un vaisseau, les répliquants de type Nexus 6, le modèle le plus perfectionné, sont désormais déclarés ""hors la loi"". Quatre...  Voir plus",8.6
"Le Bon, la Brute et le Truand",Sergio Leone,1966,"['Western', 'Aventure']",Un chasseur de primes rejoint deux hommes dans une alliance précaire. Leur but ? Trouver un coffre rempli de pièces d'or dans un cimetière isolé.,8.5
Barberousse,Akira Kurosawa,1965,['Drame'],"Nous sommes à Koishikawa au XIX° siècle. Kyojio Niide, un médecin hargneux mais généreux, décide d'entraîner un jeune apprenti, Noboru Yasumoto.",8.5
Les Sept Samouraïs,Akira Kurosawa,1954,"['Arts martiaux', 'Aventure', 'Drame', 'Action']","Dans un Japon médiéval meurtri par les guerres civiles, des bandits martyrisent la population. Les villageois décident d'engager des samouraïs.",8.5
Il était une fois dans l'Ouest,Sergio Leone,1968,['Western'],L'histoire épique d'un mystérieux inconnu avec un harmonica qui s'allie à un desperado pour protéger une belle veuve d'un assassin impitoyable.,8.5
Le Parrain,Francis Ford Coppola,1972,"['Policier', 'Drame']","New York, 1945. Don Vito Corleone règne sur l'une des familles les plus puissantes de la mafia italo-américaine. Virgil Sollozzo, qui dirige la famille Tattaglia, lui propose de s'associer sur un nouveau marché prometteur : le trafic de drogue, mais celui-ci refuse. Don Vito est alors pris pour cible lors d'une tentative d'assassinat en pleine rue. Criblé de balles, il survit par miracle. Son fils Michael, qui s'était toujours tenu à l'écart des affaires familiales, se porte volontaire pour le...  Voir plus",8.5
Il était une fois en Amérique,Sergio Leone,1984,"['Drame', 'Gangster']","Il était une fois deux truands juifs, Max et Noodles, liés par un pacte d'éternelle amitié. Débutant au début du siècle par de fructueux trafics dans le ghetto de New York, ils voient leurs chemins se séparer, lorsque Noodles se retrouve durant quelques années derrière les barreaux, puis se recouper en pleine période de prohibition, dans les années vingt. Jusqu'au jour où la trahison les sépare à nouveau.",8.5
Le Trou,Jacques Becker,1960,"['Policier', 'Drame', 'Thriller']","Accusé de tentative de meurtre, Claude est enfermé en prison. Ses 4 compagnons de cellule lui font part de leur désir d'évasion et creusent un tunnel.",8.4
Point limite,Sidney Lumet,1964,"['Drame', 'Thriller']","En pleine guerre froide, dans un climat de tension grandissante, un escadron de bombardiers américains effectue une mission de reconnaissance. A bord, des missiles nucléaires et deux cargaisons de vingt tonnes de bombes à hydrogène. Mais les appareils sont déviés de leur route. Le système de commande de l'ordinateur s'est déréglé et ordonne aux pilotes de mettre le cap sur Moscou et de bombarder la ville. Le président des Etats-Unis et ses conseillers se lancent dans une course contre la montre...  Voir plus",8.4
Le Voyage de Chihiro,Hayao Miyazaki,2001,"['Animation', 'Aventure', 'Fantasy']","Lors du déménagement de sa famille, Chihiro, une fillette de 10 ans, erre dans un monde régi par les dieux, sorcières et monstres.",8.4
Princesse Mononoké,Hayao Miyazaki,1997,"['Animation', 'Aventure', 'Fantasy']",Ashitaka est à la recherche d'un remède à la malédiction de Tatarigami. Il se retrouve au milieu d'une guerre entre les dieux de la Forêt et Tatara.,8.4
Entre le ciel et l'enfer,Akira Kurosawa,1963,"['Drame', 'Thriller']","À Yokohama, un malfaiteur kidnappe un enfant qu'il prend pour le fils d'un industriel japonais. Il s'agit en fait du fils du chauffeur de ce dernier.",8.4
L'Aurore,Friedrich Wilhelm Murnau,1927,"['Drame', 'Romance', 'Muet']","Séduit par une vamp venue de la ville, un fermier tente de noyer sa femme, mais renonce au dernier moment. Apeurée, celle-ci fuit vers la ville. Son mari la suit afin de lui prouver son amour et, après avoir résisté, la jeune femme le pardonne...",8.3
Vol au-dessus d'un nid de coucou,Miloš Forman,1975,"['Drame', 'Comédie dramatique']","Pour échapper à la prison, Randall P. McMurphy se fait volontairement interner dans une clinique psychiatrique. Il y découvre injustice et oppression.",8.3
Dersou Ouzala,Akira Kurosawa,1975,"['Aventure', 'Biopic', 'Drame']","1902. Vladimir, géographe, engage Dersou pour le guider dans la région de l'Oussouri. Sa vie dans la forêt lui impose amour et respect pour la nature.",8.3
Sherlock Junior,Buster Keaton,1924,"['Muet', 'Comédie', 'Action', 'Romance']","Un projectionniste, qui rêve d'être détective, s'endort un jour à son travail. Il sombre alors dans un rêve abracadabrantesque où il joue le meilleur détective du monde.",8.3
Pour Sama,Waad Al-Kateab,2019,['Guerre'],"Waad al-Kateab est une jeune femme syrienne qui vit à Alep lorsque la guerre éclate en 2011. Sous les bombardements, la vie continue. Elle filme au quotidien les pertes, les espoirs et la solidarité du peuple d’Alep. Waad et son mari médecin sont déchirés entre partir et protéger leur fille Sama ou résister pour la liberté de leur pays.",8.3
Le Parrain - 2e Partie,Francis Ford Coppola,1974,"['Gangster', 'Drame']","En 1901, en Sicile, le tout jeune Vito Andolini voit son père, son frère et sa mère assassinés par un parrain local. Il s'enfuit vers les États-Unis, où les services de l'immigration le rebaptisent Vito Corleone... Cinquante ans plus tard, aux États-Unis, son fils Michael dirige d'une main de fer l'empire criminel de son père et cherche à étendre les activités criminelles de la famille à Las Vegas et à Cuba.",8.3
Parasite,Bong Joon-Ho,2019,"['Drame', 'Thriller', 'Comédie']","Toute la famille de Ki-taek est au chômage, et s’intéresse fortement au train de vie de la richissime famille Park. Un jour, leur fils réussit à se faire recommander pour donner des cours particuliers d’anglais chez les Park. C’est le début d’un engrenage incontrôlable, dont personne ne sortira véritablement indemne…",8.3
Apocalypse Now,Francis Ford Coppola,1979,"['Drame', 'Guerre']","Durant la guerre du Viêt-nam, le capitaine Willard est contraint de mener une mission périlleuse au Cambodge. Accompagné de quatre soldats, il doit mettre fin au commandement du colonel Kurtz, qui utilise des méthodes jugées trop barbares.",8.3
Pulp Fiction,Quentin Tarantino,1994,"['Gangster', 'Comédie']","L'odyssée sanglante, burlesque et cocasse de petits malfrats dans la jungle de Los Angeles à travers quatre histoires qui s'entremêlent.",8.3
Le Dictateur,Charlie Chaplin,1940,"['Comédie dramatique', 'Guerre']","Dans un ghetto juif vit un petit barbier juif qui ressemble énormément à Adenoid Hynkel, le dictateur de Tomania qui a décidé l'extermination du peuple juif. Au cours d'une rafle, le barbier est arrêté en compagnie de Schultz, un farouche adversaire d'Hynkel.",8.3
Voyage au bout de l'enfer,Michael Cimino,1978,"['Drame', 'Guerre']",Une analyse en profondeur de la façon dont la guerre du Vietnam touche et bouleverse la vie des habitants d'une petite ville industrielle de Pennsylvanie.,8.3
Psychose,Alfred Hitchcock,1960,['Thriller'],"Phoenix, Arizona. Marion Crane, une employée modèle, vole 40 000 dollars à son patron pour permettre à son amant, Sam Loomis, d'éponger ses dettes. Elle s'enfuit en voiture dans l'intention de le rejoindre chez lui en Californie. Sur la route, une forte pluie l'oblige à s'arrêter. Elle descend dans un motel isolé, tenu par le jeune et sympathique gérant, Norman Bates.",8.3
La Femme des sables,Hiroshi Teshigahara,1964,['Drame'],Un homme marchant dans le désert fais une halte pour se reposer. Des villageois lui proposent de dormir dans leur village mais le font prisonnier.,8.3
Soy Cuba,Mikhail Kalatozov,1964,['Drame'],"A travers quatre histoires, ""Soy Cuba"" décrit la lente évolution de Cuba du régime de Batista jusqu'à la révolution de Fidel Castro. Quatre récits qui renforcent l'idéal communiste face à la mainmise du capitalisme. Tout au long de ces épisodes Cuba se libère de ses dépendances politiques pour affirmer son identité, singulière et autonome, avec ses contradictions et ses espérances.",8.2
Les Affranchis,Martin Scorsese,1990,"['Gangster', 'Biopic']","A Brooklyn, dans les années 1950, Henry Hill, né d’un père irlandais et d’une mère sicilienne, a toujours voulu devenir gangster. Il commet à 16 ans ses premiers délits. Arrêté, le gamin des rues gagne le respect du parrain Paul Cicero en refusant de livrer ses complices, la règle d’or des affranchis. A sa sortie de prison, Henry se lie d'amitié avec Jimmy Conway, un truand imprévisible et cruel qui deviendra son mentor, et Tommy De Vito, un gangster dangereux et impulsif.",8.2
Requiem pour un massacre,Elem Klimov,1985,"['Drame', 'Guerre']","Pendant la Seconde Guerre mondiale, dans un village de Biélorussie occupé, Fliora s'engage, bien que trop jeune, chez les partisans.",8.2
Sátántangó – Le Tango de Satan,Béla Tarr,1994,['Drame'],"Dans un village perdu au coeur de la plaine hongroise, les habitants luttent quotidiennement contre le vent et l’incessante pluie d’automne. Dans la ferme collective démantelée et livrée à l’abandon, les complots vont bon train lorsqu’une rumeur annonce le retour de deux hommes passés pour morts. Bouleversés par cette nouvelle, certains habitants y voient l’arrivée d’un messie, d’autres celle de Satan…",8.2
Boulevard du crépuscule,Billy Wilder,1950,['Film noir'],"Norma Desmond, grande actrice du muet, vit recluse dans sa luxueuse villa de Beverly Hills en compagnie de Max von Meyerling, son majordome qui fut aussi son metteur en scène et mari. Joe Gillis, un scénariste sans le sou, pénètre par hasard dans la propriété et Norma lui propose de travailler au scénario du film qui marquera son retour à l'écran, Salomé.",8.2
Quand passent les cigognes,Mikhail Kalatozov,1957,"['Drame', 'Romance', 'Guerre']","A Moscou, en 1941. Boris et Veronika sont épris l'un de l'autre. Ils se promènent, le soir, tendrement enlacés, au bord de la Volga. Ces amours juvéniles sont bientôt interrompues par la déclaration de guerre. Boris s'engage, malgré la violente réprobation de son père, Fiodor Borozdine, médecin à Moscou.",8.2
Le Tombeau des lucioles,Isao Takahata,1988,"['Animation', 'Drame', 'Guerre']","L'histoire tragique de l'adolescent Seita, de sa jeune sœur Setsuko et des luttes qu'ils mènent pour survivre au Japon de la Seconde Guerre Mondiale.",8.2
Les Enfants du paradis,Marcel Carné,1945,"['Drame', 'Romance']","Paris, 1828. Sur le boulevard du Crime, au milieu de la foule, des acteurs et des bateleurs, le mime Baptiste Deburau, par son témoignage muet, sauve Garance d'une erreur judiciaire. C'est ici que commencent les amours contrariées de Garance, femme libre et audacieuse, et de Baptiste qu'elle intimide et qui n'ose lui déclarer sa flamme. Mais aussi ceux de Nathalie, la fille du directeur du théâtre, qui aime Baptiste, et Frédérick Lemaître, un jeune acteur prometteur, qui entame une liaison avec...  Voir plus",8.2
Rébellion,Masaki Kobayashi,1967,"['Drame', 'Action']","Sous l'ère Edo au Japon. Un chef de fief décide de marier sa femme, qu'il vient de répudier, au fils du samouraï Isaburo Sasahara.",8.2
La Condition de l'homme 1 - Il n'y a pas de plus grand amour,Masaki Kobayashi,1959,"['Drame', 'Historique', 'Guerre']","1943. Kaji et sa femme partent pour les mines de Mandchourie. Souhaitant faciliter les conditions de travail des employés, il se heurte à ses supérieurs. Lorsque des prisonniers de guerre chinois sont débarqués de wagons à bestiaux, Kaji ne peut supporter cette infamie et décide de s'opposer aux méthodes extrêmes de sa hiérarchie...",8.2
Les Temps modernes,Charlie Chaplin,1936,"['Comédie dramatique', 'Muet']","La vie d'un ouvrier d'usine, employé sur une chaîne de production. Les mauvais traitements et rythme effréné imposé le poussent à la dépression nerveuse.",8.2
La Vie est belle,Frank Capra,1946,"['Drame', 'Fantastique']","Un soir de Noël, un homme déprimé décide de se jeter dans la rivière après avoir perdu une grosse somme d'argent. Un ange va l'aider.",8.2
Les Lumières de la ville,Charlie Chaplin,1931,"['Comédie dramatique', 'Romance', 'Muet']","Un vagabond s’éprend d’une belle et jeune vendeuse de fleurs aveugle qui vit avec sa mère, couverte de dettes. Suite à un quiproquo, la fleuriste s’imagine le misérable, qui vient de lui acheter une fleur, en milliardaire...",8.2
Rendez-vous,Ernst Lubitsch,1940,['Comédie romantique'],"Chez Matuschek et Cie, une grande boutique de maroquinerie, le jeune Alfred Kralik, l'adjoint du patron, et Klara Novak, une nouvelle employée, vont échanger une correspondance amoureuse, sans savoir qui ils sont, à l'aide de petites annonces.",8.2
Midsommar : The Director's Cut,Ari Aster,2019,"['Épouvante-Horreur', 'Drame', 'Thriller']","Dani et Christian sont sur le point de se séparer quand la famille de Dani est touchée par une tragédie. Attristé par le deuil de la jeune femme, Christian ne peut se résoudre à la laisser seule et l’emmène avec lui et ses amis à un festival estival qui n’a lieu qu’une fois tous les 90 ans et se déroule dans un village suédois isolé. Mais ce qui commence comme des vacances insouciantes dans un pays où le soleil ne se couche pas va vite prendre une tournure beaucoup plus sinistre et inquiétante.",8.2
Le Chagrin et la Pitié,Marcel Ophüls,1969,"['Historique', 'Guerre']",Chronique de la ville française de Clermont-Ferrand sous l'occupation allemande.,8.2
Jeux dangereux,Ernst Lubitsch,1942,"['Comédie', 'Guerre']","Pendant l'occupation nazie de la Pologne, une troupe d'acteurs est impliquée dans les efforts d'un soldat polonais cherchant un espion allemand.",8.2
Ève...,Joseph L. Mankiewicz,1950,['Drame'],"Eve Harrington reçoit, des mains d'un vieil acteur, le prix Sarah Siddons. L'entourage de celle-ci se souvient de son ascension.",8.2
Les Sentiers de la gloire,Stanley Kubrick,1957,"['Drame', 'Guerre']","En 1916, durant la Première Guerre mondiale, le général français Broulard ordonne au général Mireau de lancer une offensive suicidaire contre une position allemande imprenable, surnommée ""la fourmilière"". Au moment de l'attaque, les soldats tombent par dizaines et leurs compagnons, épuisés, refusent d'avancer...",8.2
Andreï Roublev,Andreï Tarkovski,1966,"['Drame', 'Biopic', 'Historique', 'Guerre']","En 1405, le peintre Théophane le Grec demande à Andreï Roublev de venir travailler avec lui à la décoration de l'église de l'Annonciation à Moscou. Quelques années plus tard, bouleversé par la violence de l'époque, Roublev renonce à son art et se mure dans le silence.",8.2
M le maudit,Fritz Lang,1931,"['Policier', 'Drame', 'Thriller']","À Berlin, la police recherche un tueur d'enfants qui terrorise la ville. Alors qu'elle est impuissante, ce sont les criminels qui vont s'en charger.",8.1
Metropolis,Fritz Lang,1927,"['Muet', 'Drame', 'Science-fiction']","Dans une ville futuriste divisée entre dirigeants et ouvriers, le fils d'un dirigeant est amoureux d'une ouvrière qui prédit l'abolition des classes.",8.1
Fight Club,David Fincher,1999,['Drame'],"Insomniaque, désillusionné par sa vie personnelle et professionnelle, un jeune cadre expert en assurances, mène une vie monotone et sans saveur. Face à la vacuité de son existence, son médecin lui conseille de suivre une thérapie afin de relativiser son mal-être. Lors d'un voyage d'affaires, il fait la connaissance de Tyler Durden, une sorte de gourou anarchiste et philosophe. Ensemble, ils fondent le Fight Club. Cercle très fermé, où ils organisent des combats clandestins et violents, destinés...  Voir plus",8.1
Pulp Fiction,Quentin Tarantino,1994,"['Gangster', 'Comédie']","L'odyssée sanglante, burlesque et cocasse de petits malfrats dans la jungle de Los Angeles à travers quatre histoires qui s'entremêlent.",8.3
Interstellar,Christopher Nolan,2014,"['Science-fiction', 'Drame', 'Aventure']","Alors que la vie sur Terre touche à sa fin, un groupe d’explorateurs s’attelle à la mission la plus importante de l’histoire de l’humanité : franchir les limites de notre galaxie pour savoir si l’homme peut vivre sur une autre planète…",7.9
2001 : L'Odyssée de l'espace,Stanley Kubrick,1968,"['Aventure', 'Science-fiction']","A l'aube de l'Humanité, dans le désert africain, une tribu de primates subit les assauts répétés d'une bande rivale, qui lui dispute un point d'eau. La découverte d'un monolithe noir inspire au chef des singes assiégés un geste inédit et décisif.
En 2001, quatre millions d'années plus tard, un vaisseau spatial évolue en orbite lunaire au rythme langoureux du ""Beau Danube Bleu"". A son bord, le Dr. Heywood Floyd enquête secrètement sur la découverte d'un monolithe noir qui émet d'étranges...  Voir plus",8
Le Parrain,Francis Ford Coppola,1972,"['Policier', 'Drame']","New York, 1945. Don Vito Corleone règne sur l'une des familles les plus puissantes de la mafia italo-américaine. Virgil Sollozzo, qui dirige la famille Tattaglia, lui propose de s'associer sur un nouveau marché prometteur : le trafic de drogue, mais celui-ci refuse. Don Vito est alors pris pour cible lors d'une tentative d'assassinat en pleine rue. Criblé de balles, il survit par miracle. Son fils Michael, qui s'était toujours tenu à l'écart des affaires familiales, se porte volontaire pour le...  Voir plus",8.5
Blade Runner,Ridley Scott,1982,"['Science-fiction', 'Film noir', 'Thriller']","2019, Los Angeles. La Terre est surpeuplée et l’humanité est partie coloniser l’espace. Les nouveaux colons sont assistés de Replicants, androïdes que rien ne peut distinguer de l'être humain. Conçus comme de nouveaux esclaves, certains parmi les plus évolués s’affranchissent de leurs chaînes et s’enfuient. Rick Deckard, un ancien Blade Runner, catégorie spéciale de policiers chargés de ""retirer"" ces replicants, accepte une nouvelle mission consistant à retrouver quatre de ces individus qui...  Voir plus",7.9
Forrest Gump,Robert Zemeckis,1994,"['Drame', 'Romance']","A Savannah, dans l'Etat de Géorgie, Forrest Gump, assis sur un banc public, livre à qui veut l'entendre, l'étrange récit de sa vie mouvementée. Il naît dans un bourg de l'Alabama, affecté d'un quotient intellectuel inférieur à la moyenne et d'une paralysie partielle des jambes. Souvent raillé à l'école, le jeune Forrest se lie d'amitié avec la belle Jenny. Ensemble, ils vont grandir dans l'Amérique des années 1960.",7.9
Le Seigneur des Anneaux - Le Retour du roi,Peter Jackson,2003,"['Aventure', 'Fantasy']","La bataille pour la Terre du Milieu a commencé. Frodon et Sam, guidés par Gollum, poursuivent leur mission à travers les terres du Mordor pour détruire l'Anneau Unique. Tandis que le pouvoir de Sauron grandit, Aragorn, l'héritier du trône du Gondor, rassemble l'armée des Hommes contre les forces du Mal, afin de laisser une chance au porteur de l'Anneau d'accomplir sa quête.",8.1
"Le Bon, la Brute et le Truand",Sergio Leone,1966,"['Western', 'Aventure']",Un chasseur de primes rejoint deux hommes dans une alliance précaire. Leur but ? Trouver un coffre rempli de pièces d'or dans un cimetière isolé.,8.5
Inception,Christopher Nolan,2010,"['Action', 'Thriller', 'Science-fiction']","Dom Cobb est un voleur expérimenté, le meilleur dans l'art dangereux de l'extraction : spécialité qui consiste à voler les secrets les plus intimes enfouis au plus profond du subconscient durant une phase de rêve. Très recherché pour ses talents dans l’univers trouble de l’espionnage industriel, Cobb est aussi devenu un fugitif traqué dans le monde entier. Une ultime mission pourrait lui permettre de retrouver sa vie passée, accomplir une « inception ».",7.5
The Dark Knight - Le Chevalier noir,Christopher Nolan,2008,"['Action', 'Policier', 'Thriller']","Avec l'appui du lieutenant de police Jim Gordon et du procureur de Gotham, Harvey Dent, Batman vise à éradiquer le crime organisé qui pullule dans la ville. Leur association est très efficace, mais elle sera bientôt bouleversée par le chaos déclenché par un criminel psychopathe que les citoyens de Gotham connaissent sous le nom de Joker.",8
Le Seigneur des Anneaux - La Communauté de l'anneau,Peter Jackson,2001,"['Aventure', 'Fantasy']","Le jeune hobbit Frodon Sacquet hérite d'un anneau. Il s'agit de l'Anneau Unique, instrument de pouvoir absolu qui permettrait à Sauron, de régner sur la Terre du Milieu et de réduire en esclavage ses peuples... A moins que Frodon et ses fidèles compagnons ne parviennent à emporter l'Anneau jusqu'en Mordor, lieu où il a été forgé, et à le détruire pour toujours.",8
Apocalypse Now,Francis Ford Coppola,1979,"['Drame', 'Guerre']","Durant la guerre du Viêt-nam, le capitaine Willard est contraint de mener une mission périlleuse au Cambodge. Accompagné de quatre soldats, il doit mettre fin au commandement du colonel Kurtz, qui utilise des méthodes jugées trop barbares.",8.3
Orange mécanique,Stanley Kubrick,1971,"['Drame', 'Science-fiction']","Dans une Angleterre futuriste et inhumaine, un groupe d'adolescents se déchaînent chaque nuit, frappant et violant d'innocentes victimes. Alex, le leader du gang est arrêté et condamné à 14 ans de prison. Il accepte de se soumettre à une thérapie de choc destinée à faire reculer la criminalité.",8
Eternal Sunshine of the Spotless Mind,Michel Gondry,2004,"['Drame', 'Romance', 'Science-fiction']","L'idylle entre Clementine et Joel a pris fin, en raison de leurs caractères trop différents et de la routine. Pour apaiser ses souffrances, Clementine a recours à Lacuna, un procédé révolutionnaire qui efface certains souvenirs. Désespéré, Joel décide de suivre le même processus. Une nuit, deux techniciens s'y emploient. Mais quand le passé défile dans sa tête, Joel mesure à quel point il aime toujours Clementine.",7.8
Princesse Mononoké,Hayao Miyazaki,1997,"['Animation', 'Aventure', 'Fantasy']",Ashitaka est à la recherche d'un remède à la malédiction de Tatarigami. Il se retrouve au milieu d'une guerre entre les dieux de la Forêt et Tatara.,8.4
Mulholland Drive,David Lynch,2001,"['Drame', 'Thriller', 'Romance', 'Film noir']","Un violent accident de voiture sur la route de Mulholland Drive sauve une femme de ses poursuivants. Hagarde, la belle s’enfonce dans la nature et se réfugie dans une demeure inoccupée. Le lendemain, Betty Elms débarque à l’aéroport de Los Angeles. Actrice, elle compte bien devenir une star, et sa tante, partie sur un tournage, lui prête son appartement. Dans la salle de bains, Betty découvre avec surprise l’accidentée, terrée et terrifiée…",7.7
Matrix,Lilly Wachowski,1999,"['Action', 'Science-fiction', 'Arts martiaux']","Neo, un des pirates les plus recherchés du cyber-espace, reçoit de mystérieux messages cryptés d'un certain Morpheus. Celui-ci l'exhorte à aller au-delà des apparences et à trouver la réponse à la question qui hante constamment ses pensées : qu'est-ce que la Matrice ?",7.8
Old Boy,Park Chan-Wook,2003,"['Drame', 'Thriller', 'Film noir']","Après avoir été enlevé et emprisonné durant 15 ans, sans savoir pourquoi, Oh Dae-Su est libéré et recherche les raisons de son enfermement.",8.1
Le Voyage de Chihiro,Hayao Miyazaki,2001,"['Animation', 'Aventure', 'Fantasy']","Lors du déménagement de sa famille, Chihiro, une fillette de 10 ans, erre dans un monde régi par les dieux, sorcières et monstres.",8.4
Douze Hommes en colère,Sidney Lumet,1957,"['Policier', 'Drame']","Un jeune homme d’origine modeste est accusé du meurtre de son père et risque la peine de mort. Le jury composé de douze hommes se retire pour délibérer et procède immédiatement à un vote : onze votent coupable, or la décision doit être prise à l’unanimité. Le juré (Henry Fonda) qui a voté non-coupable, sommé de se justifier, explique qu’il a un doute et que la vie d’un homme mérite quelques heures de discussion. Il s’emploie alors à les convaincre un par un...",8.7
L'Empire contre-attaque,Irvin Kershner,1980,"['Aventure', 'Science-fiction', 'Action']","Malgré la destruction de l'Etoile noire, l'Empire règne toujours sur la galaxie. Un groupe de l'Alliance rebelle, mené par la princesse Leia se réfugie sur la planète glacée de Hoth. Après avoir subi un assaut des troupes impériales, Leia, Han Solo, Chewbacca et C-3P0 parviennent à s'échapper et se dirigent vers Bespin, la cité des nuages gouvernée par Lando Calrissian, ancien compagnon de Han. De son côté, Luke s'envole pour Dagobah afin d'apprendre l'art des Jedi avec le maître Yoda.",8.1
Retour vers le futur,Robert Zemeckis,1985,"['Comédie', 'Science-fiction']","En 1985, Marty, un adolescent comme les autres, mène une existence qu'il juge morne et ennuyeuse. Heureusement, il est épris de la jolie Jennifer et entretient une profonde amitié avec Doc, un savant fou qui prétend avoir inventé une machine à explorer le temps. Un jour, Doc invite Marty à l'essayer. Mais ils sont surpris par des terroristes. Doc est abattu tandis que Marty met l'engin en marche et se retrouve en 1955.",7.9
Il était une fois en Amérique,Sergio Leone,1984,"['Drame', 'Gangster']","Il était une fois deux truands juifs, Max et Noodles, liés par un pacte d'éternelle amitié. Débutant au début du siècle par de fructueux trafics dans le ghetto de New York, ils voient leurs chemins se séparer, lorsque Noodles se retrouve durant quelques années derrière les barreaux, puis se recouper en pleine période de prohibition, dans les années vingt. Jusqu'au jour où la trahison les sépare à nouveau.",8.5
Vol au-dessus d'un nid de coucou,Miloš Forman,1975,"['Drame', 'Comédie dramatique']","Pour échapper à la prison, Randall P. McMurphy se fait volontairement interner dans une clinique psychiatrique. Il y découvre injustice et oppression.",8.3
Gladiator,Ridley Scott,2000,"['Péplum', 'Aventure', 'Drame']","En 180 après Jésus Christ, le général romain Maximus est le plus fidèle soutien de l'empereur Marc Aurèle. Jaloux du prestige de Maximus, le fils de Marc Aurèle, Commode, s'arroge brutalement le pouvoir, puis ordonne l'arrestation du général et son exécution. Maximus échappe à ses assassins mais ne peut empêcher le massacre de sa famille. Capturé par un marchand d'esclaves, il devient gladiateur et prépare sa vengeance.",7.6
Seven,David Fincher,1995,"['Policier', 'Thriller']","Sur le point de prendre sa retraite, l'inspecteur William Somerset fait équipe avec le jeune David Mills. Tous deux mènent l'enquête sur une série de meurtres particulièrement étranges. En effet, un mystérieux serial killer, se faisant appeler John Doe, tue ses victimes selon les sept péchés capitaux.",8.1
Shining,Stanley Kubrick,1980,"['Épouvante-Horreur', 'Thriller']","Écrivain, Jack Torrance est engagé comme gardien, pendant tout l’hiver, d’un grand hôtel isolé du Colorado, l’Overlook, où il espère surmonter enfin sa panne d’inspiration. Il s’y installe avec sa femme Wendy et son fils Danny, doté d’un don de médium. Tandis que Jack n’avance pas dans son livre et que son fils est de plus en plus hanté par des visions terrifiantes, il découvre les terribles secrets de l’hôtel et bascule peu à peu dans une forme de folie meurtrière où il s’en prend à sa propre...  Voir plus",8.1
Les Affranchis,Martin Scorsese,1990,"['Gangster', 'Biopic']","A Brooklyn, dans les années 1950, Henry Hill, né d’un père irlandais et d’une mère sicilienne, a toujours voulu devenir gangster. Il commet à 16 ans ses premiers délits. Arrêté, le gamin des rues gagne le respect du parrain Paul Cicero en refusant de livrer ses complices, la règle d’or des affranchis. A sa sortie de prison, Henry se lie d'amitié avec Jimmy Conway, un truand imprévisible et cruel qui deviendra son mentor, et Tommy De Vito, un gangster dangereux et impulsif.",8.2
Il était une fois dans l'Ouest,Sergio Leone,1968,['Western'],L'histoire épique d'un mystérieux inconnu avec un harmonica qui s'allie à un desperado pour protéger une belle veuve d'un assassin impitoyable.,8.5
Les Évadés,Frank Darabont,1994,['Drame'],"En 1947, Andy Dufresne, un jeune banquier, est condamné à la prison à vie pour le meurtre de sa femme et de son amant. Ayant beau clamer son innocence, il est emprisonné à Shawshank, le pénitencier le plus sévère de l'Etat du Maine. Il y fait la rencontre de Red, détenu depuis vingt ans. Commence alors une grande histoire d'amitié entre les deux hommes...",8.1
Into the Wild,Sean Penn,2007,"['Biopic', 'Road movie', 'Drame']",Christopher a 22 ans et une soif d'absolu et de liberté sans limites. Il plaque tout du jour au lendemain pour partir à l'aventure.,7.3
Alien - Le 8ème Passager,Ridley Scott,1979,"['Épouvante-Horreur', 'Science-fiction']","En 2122, le vaisseau commercial Nostromo et son équipage en hibernation, font route vers la Terre avec une importante cargaison de minerai. Un signal, émanant d’une planète inconnue, les tire de leur sommeil artificiel. Intrigué, l’équipage se rend sur place et découvre les restes d'un gigantesque vaisseau extraterrestre. Lors de l’exploration de l’épave, l'officier Kane se fait agresser par une forme de vie inconnue.",8.1
Drive,Nicolas Winding Refn,2011,"['Drame', 'Action', 'Thriller', 'Film noir']",Un cascadeur tranquille et anonyme se métamorphose dès que la nuit tombe : il devient pilote de voitures pour le compte de la mafia. La combine est bien rodée jusqu’au jour où l'un des casses tourne mal et l’entraîne dans une course-poursuite infernale.,7.4
The Big Lebowski,Joel Coen,1998,"['Comédie', 'Policier']","À Los Angeles, Jeffrey Lebowski, alias le Dude, mène une vie nonchalante. Il passe le plus clair de son temps à ne rien faire en robe de chambre ou à jouer au bowling du coin avec ses copains Walter, un vétéran du Vietnam, et Donny. Un jour, alors qu'il rentre tranquillement chez lui, Dude est agressé par deux individus qui le confondent avec un milliardaire qui porte le même nom que lui. Sur les conseils de Walter, il part à la recherche de ce dernier pour obtenir un dédommagement.",7.7
La Ligne verte,Frank Darabont,1999,"['Drame', 'Fantastique']","En 1935, Paul Edgecomb, surveillant-chef dans un pénitencier de Louisiane, est chargé des condamnés qui attendent dans le couloir de la mort, appelé aussi ""la ligne verte"". Un jour, un nouveau prisonnier arrive, John Coffey, un colosse dont la gentillesse contraste avec les faits qui lui sont reprochés, à savoir le viol et le meurtre de deux fillettes. Cet homme étrange se révèle doté de pouvoirs extraordinaires.",7.8
Django Unchained,Quentin Tarantino,2012,['Western'],Un esclave noir est affranchi par un chasseur de primes. Le moment est venu de sauver son épouse d'un riche propriétaire de plantation du Mississipi.,7.8
Barry Lyndon,Stanley Kubrick,1975,"['Drame', 'Historique', 'Aventure']","En Prusse, au début de la guerre de Sept Ans, un voyou irlandais conquiert le cœur d'une riche veuve et assume la position de son mari mort.",8.1
Shutter Island,Martin Scorsese,2010,['Thriller'],"En 1954, une des patientes de l'hôpital psychiatrique situé sur l'île de Shutter Island, au large de Boston, a disparu sans laisser de traces. Le marshal Teddy Daniels et son coéquipier Chuck Aule, sont envoyés sur place pour mener l'enquête. L'affaire se révèle vite très mystérieuse pour les deux hommes.",7.7
Le Seigneur des Anneaux - Les Deux Tours,Peter Jackson,2002,"['Aventure', 'Fantasy']","La Communauté est dissoute, mais la quête pour détruire l'Anneau Unique se poursuit. Accompagné par son fidèle Sam et guidé par l'étrange Gollum, Frodon cherche un moyen d'entrer en Mordor. Alors que l'armée de Saroumane se met en marche, les autres compagnons de la Communauté se préparent à la bataille. La Guerre de l'Anneau a commencé !",8
American Beauty,Sam Mendes,1999,['Drame'],"Lester Burnham, quadragénaire, mène une existence confortable et rangée. Mais quand il perd son emploi, il remet toute sa vie en question. Il décide de ne plus faire d'efforts pour supporter son épouse acariâtre et sa fille en pleine crise d'adolescence. Un jour, il fait la connaissance d'Angela, une camarade de sa fille, dont la beauté le subjugue.",7.8
Jurassic Park,Steven Spielberg,1993,"['Aventure', 'Science-fiction']","Sur une île au large du Costa Rica, des scientifiques, financés par le milliardaire John Hammond, ont réussi à cloner des animaux préhistoriques. Leur découverte a permis de créer un parc d'attractions peuplé de dinosaures. Avant l'ouverture au public, Hammond demande à Alan et Ellie, deux paléontologues de renom, de cautionner son projet. Mais lors de la première inspection, le système de sécurité se détraque.",7.6
Reservoir Dogs,Quentin Tarantino,1992,['Gangster'],Un braquage est interrompu par l'intervention de la police. Les criminels survivants commencent à soupçonner la présence d'un espion parmi eux.,8
Kill Bill - Volume 1,Quentin Tarantino,2003,"['Arts martiaux', 'Action']","Au cours d'une cérémonie de mariage en plein désert, un commando fait irruption dans la chapelle et tire sur les convives. Laissée pour morte, la Mariée enceinte retrouve ses esprits après un coma de quatre ans. Celle qui a auparavant exercé les fonctions de tueuse à gages au sein du Détachement International des Vipères Assassines n'a alors plus qu'une seule idée en tête : venger la mort de ses proches en éliminant tous les membres de l'organisation criminelle, dont leur chef Bill qu'elle se...  Voir plus",7.7
Mommy,Xavier Dolan,2014,['Drame'],"Une veuve hérite de la garde de son fils, un adolescent impulsif et violent. Au coeur de leurs emportements, ils tentent de joindre les deux bouts.",7.9
Taxi Driver,Martin Scorsese,1976,"['Drame', 'Policier']","Vétéran de la Guerre du Vietnam, Travis Bickle est chauffeur de taxi dans la ville de New York. Ses rencontres nocturnes et la violence quotidienne dont il est témoin lui font peu à peu perdre la tête. Il se charge bientôt de délivrer une prostituée mineure de ses souteneurs.",7.9
Donnie Darko,Richard Kelly,2001,"['Drame', 'Science-fiction']","En octobre 1988, dans une coquette banlieue pavillonnaire de Virginie vit Donnie Darko, un adolescent pas comme les autres. Intelligent et débordant d'imagination mais aussi schizophrène. Il traite sa mère Elizabeth de tous les noms, laisse régulièrement des messages politiques pour son père Eddie sur le réfrigérateur et interpelle ses profs en plein cours. Somnambule, il parle la nuit avec un certain Frank, déguisé en lapin géant monstrueux. Un jour, ce dernier lui annonce que la fin du monde...  Voir plus",7.5
Requiem for a Dream,Darren Aronofsky,2000,['Drame'],"Trois amis, Harry, Marianne et Tyrone, passent leurs journées à se droguer pour se sentir invulnérables et heureux. Cet eldorado a un prix.",7.4
Usual Suspects,Bryan Singer,1995,"['Policier', 'Thriller']","Roger ""Verbal"" Kint, malfrat handicapé, semble être le seul survivant d'un massacre. Interrogé par la police, il raconte son étrange périple.",7.9
Brazil,Terry Gilliam,1985,"['Drame', 'Fantastique', 'Science-fiction']",Sam est un employé du Ministère de l'Information. Il vit sans ambition. Il suivra par amour une révolutionnaire dans sa lutte idéaliste contre l'Etat.,7.7
Babylon,Damien Chazelle,2022,"['Comédie dramatique', 'Historique']","Los Angeles des années 1920. Récit d'une ambition démesurée et d'excès les plus fous, l'ascension et la chute de différents personnages lors de la création d'Hollywood, une ère de décadence et de dépravation sans limites.",7.3
Anatomie d'une chute,Justine Triet,2023,"['Drame', 'Policier', 'Thriller']","Sandra, Samuel et leur fils malvoyant de 11 ans, Daniel, vivent depuis un an loin de tout, à la montagne. Un jour, Samuel est retrouvé mort au pied de leur maison. Une enquête pour mort suspecte est ouverte. Sandra est bientôt inculpée malgré le doute : suicide ou homicide ? Un an plus tard, Daniel assiste au procès de sa mère, véritable dissection du couple...",7.8
Oppenheimer,Christopher Nolan,2023,"['Biopic', 'Drame', 'Historique']","En 1942, convaincus que l’Allemagne nazie est en train de développer une arme nucléaire, les États-Unis initient, dans le plus grand secret, le ""Projet Manhattan"" destiné à mettre au point la première bombe atomique de l’histoire. Pour piloter ce dispositif, le gouvernement engage J. Robert Oppenheimer, brillant physicien, qui sera bientôt surnommé ""le père de la bombe atomique"". C’est dans le laboratoire ultra-secret de Los Alamos, au cœur du désert du Nouveau-Mexique, que le scientifique et...  Voir plus",7.1
Spider-Man: Across the Spider-Verse,Joaquim Dos Santos,2023,"['Action', 'Aventure', 'Science-fiction', 'Animation']","Après avoir retrouvé Gwen Stacy, Spider-Man, le sympathique héros originaire de Brooklyn, est catapulté à travers le Multivers, où il rencontre une équipe de Spider-Héros chargée d’en protéger l’existence. Mais lorsque les héros s’opposent sur la façon de gérer une nouvelle menace, Miles se retrouve confronté à eux et doit redéfinir ce que signifie être un héros afin de sauver les personnes qu'il aime le plus.",7.9
The Fabelmans,Steven Spielberg,2022,"['Drame', 'Biopic']","Le jeune Sammy Fabelman tombe amoureux du cinéma après que ses parents l'ont emmené voir ""The Greatest Show on Earth"". Armé d'une caméra, Sammy commence à faire ses propres films à la maison, pour le plus grand plaisir de sa mère qui le soutient.",7.3
Killers of the Flower Moon,Martin Scorsese,2023,"['Drame', 'Policier', 'Thriller', 'Western', 'Historique']","Au début du XXe siècle, le pétrole a apporté la fortune au peuple Osage qui, du jour au lendemain, est devenu l’un des plus riches du monde. La richesse de ces Amérindiens attire aussitôt la convoitise de Blancs peu recommandables qui intriguent, soutirent et volent autant d’argent Osage que possible avant de recourir au meurtre…",7.4
Je verrai toujours vos visages,Jeanne Herry,2023,['Drame'],"Depuis 2014, en France, la Justice Restaurative propose à des personnes victimes et auteurs d’infraction de dialoguer dans des dispositifs sécurisés, encadrés par des professionnels et des bénévoles comme Judith, Fanny ou Michel. Nassim, Issa, et Thomas, condamnés pour vols avec violence, Grégoire, Nawelle et Sabine, victimes de homejacking, de braquages et de vol à l'arraché, mais aussi Chloé, victime de viols incestueux, s’engagent tous dans des mesures de Justice Restaurative. Sur leur...  Voir plus",7.6
Aftersun,Charlotte Wells,2022,['Drame'],"Avec mélancolie, Sophie se remémore les vacances d’été passées avec son père vingt ans auparavant : les moments de joie partagée, leur complicité, parfois leurs désaccords. Elle repense aussi à ce qui planait au-dessus de ces instants si précieux : la sourde et invisible menace d’un bonheur finissant. Elle tente alors de chercher parmi ces souvenirs des réponses à la question qui l’obsède depuis tant d’années : qui était réellement cet homme qu’elle a le sentiment de ne pas connaître ?",7.2
Yannick,Quentin Dupieux (Mr. Oizo),2023,['Comédie'],"En pleine représentation de la pièce ""Le Cocu"", un très mauvais boulevard, Yannick se lève et interrompt le spectacle pour reprendre la soirée en main...",7.2
Les Gardiens de la galaxie Vol. 3,James Gunn,2023,"['Action', 'Aventure', 'Comédie', 'Science-fiction']","Notre bande de marginaux favorite a quelque peu changé. Peter Quill, qui pleure toujours la perte de Gamora, doit rassembler son équipe pour défendre l’univers et protéger l’un des siens. En cas d’échec, cette mission pourrait bien marquer la fin des Gardiens tels que nous les connaissons.",7
Le Garçon et le Héron,Hayao Miyazaki,2023,"['Animation', 'Aventure', 'Drame', 'Fantastique']","Après la disparition de sa mère dans un incendie, Mahito, un jeune garçon de 11 ans, doit quitter Tokyo pour partir vivre à la campagne dans le village où elle a grandi. Il s’installe avec son père dans un vieux manoir situé sur un immense domaine où il rencontre un héron cendré qui devient petit à petit son guide et l’aide au fil de ses découvertes et questionnements à comprendre le monde qui l'entoure et percer les mystères de la vie...",7
Le Règne animal,Thomas Cailley,2023,"['Science-fiction', 'Aventure', 'Drame']","Dans un monde en proie à une vague de mutations qui transforment peu à peu certains humains en animaux, François fait tout pour sauver sa femme, touchée par ce phénomène mystérieux. Alors que la région se peuple de créatures d'un nouveau genre, il embarque Émile, leur fils de 16 ans, dans une quête qui bouleversera à jamais leur existence...",7.1
Barbie,Greta Gerwig,2023,"['Aventure', 'Comédie', 'Fantastique']","À Barbie Land, vous êtes un être parfait dans un monde parfait. Sauf si vous êtes en crise existentielle, ou si vous êtes Ken...",6
The Whale,Darren Aronofsky,2022,['Drame'],"Charlie, professeur d’anglais reclus chez lui, tente de renouer avec sa fille adolescente pour une ultime chance de rédemption...",6.8
Mars Express,Jérémie Périn,2023,"['Animation', 'Science-fiction']","En l’an 2200, Aline Ruby, détective privée obstinée, et Carlos Rivera son partenaire androïde sont embauchés par un riche homme d’affaires afin de capturer sur Terre une célèbre hackeuse. De retour sur Mars, une nouvelle affaire va les conduire à s’aventurer dans les entrailles de Noctis, la capitale martienne, à la recherche de Jun Chow, une étudiante en cybernétique disparue. Noctis est leur ville, une utopie libertarienne rendue possible par les progrès en robotique, emblème d’un futur...  Voir plus",7.5
Pauvres Créatures,Yórgos Lánthimos,2023,"['Comédie', 'Drame', 'Fantastique', 'Érotique']","Bella est une jeune femme ramenée à la vie par le brillant et peu orthodoxe Docteur Godwin Baxter. Sous sa protection, elle a soif d’apprendre. Avide de découvrir le monde dont elle ignore tout, elle s'enfuit avec Duncan Wedderburn, un avocat habile et débauché, et embarque pour une odyssée étourdissante à travers les continents. Imperméable aux préjugés de son époque, Bella est résolue à ne rien céder sur les principes d’égalité et de libération...",7.5
Le Cercle des neiges,J. A. Bayona,2023,"['Drame', 'Historique']","Le 13 octobre 1972, le vol 571 de l'armée de l'air uruguayenne, qui transportait une équipe de rugby au Chili, s'est écrasé dans les Andes. Parmi les 45 passagers, seuls 29 ont survécu à l'accident. Coincés dans l'un des environnements les plus hostiles et inaccessibles de la planète, ils doivent prendre des mesures extrêmes pour assurer leur survie...",7.3
Priscilla,Sofia Coppola,2023,"['Biopic', 'Drame', 'Romance']","Quand Priscilla rencontre Elvis, elle est collégienne. Lui, à 24 ans, est déjà une star mondiale. De leur idylle secrète à leur mariage iconique, le portrait de Priscilla, une adolescente effacée qui lentement se réveillera de son conte de fées pour prendre sa vie en main...",6.1
May December,Todd Haynes,2023,['Comédie dramatique'],"Pour préparer son nouveau rôle, une actrice célèbre vient rencontrer celle qu’elle va incarner à l’écran, dont la vie sentimentale a enflammé la presse à scandale et passionné le pays 20 ans plus tôt...",6.5
Les Chambres rouges,Pascal Plante,2023,['Thriller'],"Deux jeunes femmes se réveillent chaque matin aux portes du palais de justice de Montréal pour pouvoir assister au procès hypermédiatisé d’un tueur en série qui les obsède, et qui a filmé la mise à mort de ses victimes. Cette obsession maladive les conduira à tenter par tous les moyens de mettre la main sur l’ultime pièce du puzzle, qui pourrait permettre de définitivement confondre celui que l’on surnomme le Démon de Rosemont : la vidéo manquante de l’un de ses meurtres.",7.4
La Zone d’intérêt,Jonathan Glazer,2023,"['Drame', 'Guerre', 'Historique']","Le commandant d’Auschwitz, Rudolf Höss, et sa femme Hedwig s’efforcent de construire une vie de rêve pour leur famille dans une maison avec jardin à côté du camp.",7.5
Iron Claw,Sean Durkin,2023,"['Biopic', 'Drame', 'Sport']","Les inséparables frères Von Erich ont marqué l’histoire du catch professionnel du début des années 80. Entrainés de main de fer par un père tyrannique, ils vont devoir se battre sur le ring et dans leur vie...",7.3
Moi capitaine,Matteo Garrone,2023,['Drame'],"Seydou et Moussa, deux jeunes sénégalais de 16 ans, décident de quitter leur terre natale pour rejoindre l’Europe. Mais sur leur chemin les rêves et les espoirs d’une vie meilleure sont très vite anéantis par les dangers de ce périple. Leur seule arme dans cette odyssée restera leur humanité...",7.1
Making of,Cédric Kahn,2022,"['Comédie', 'Drame']","Simon, réalisateur aguerri, débute le tournage d’un film racontant le combat d’ouvriers pour sauver leur usine. Mais entre les magouilles de son producteur, des acteurs incontrôlables et des techniciens à cran, il est vite dépassé par les événements.
Abandonné par ses financiers, Simon doit affronter un conflit social avec sa propre équipe. Dans ce tournage infernal, son seul allié est le jeune figurant à qui il a confié la réalisation du making of...",6.1
Jeunesse (Le Printemps),Wáng Bīng,2023,['Société'],"Zhili, à 150 km de Shanghai. Dans cette cité dédiée à la confection textile, les jeunes affluent de toutes les régions rurales traversées par le fleuve Yangtze. Ils ont 20 ans, partagent les dortoirs, mangent dans les coursives. Ils travaillent sans relâche pour pouvoir un jour élever un enfant, s’acheter une maison ou monter leur propre atelier. Entre eux, les amitiés et les liaisons amoureuses se nouent et se dénouent au gré des saisons, des faillites et des pressions familiales...",7.5
Un silence,Joachim Lafosse,2023,['Drame'],"Silencieuse depuis 25 ans, Astrid la femme d’un célèbre avocat voit son équilibre familial s’effondrer lorsque ses enfants se mettent en quête de justice...",5.9
Daaaaaali !,Quentin Dupieux (Mr. Oizo),2023,['Comédie'],Une journaliste française rencontre Salvador Dali à plusieurs reprises pour un projet de documentaire...,6.9
Ferrari,Michael Mann,2023,"['Biopic', 'Drame', 'Historique', 'Sport']","Au cours de l’été 1957, l’ancien pilote automobile Enzo Ferrari est en crise. La faillite traque l’entreprise que lui et sa femme Laura ont construite à partir de rien, dix ans plus tôt. Leur mariage tempétueux lutte avec le deuil d’un fils et la reconnaissance d’un autre. Il décide de contrer ses pertes en misant tout sur une seule course - 1 000 miles à travers l’Italie, l’emblématique Mille Miglia.",6.3
Iris et les hommes,Caroline Vignal,2023,['Comédie'],"Un mari formidable, deux filles parfaites, un cabinet dentaire florissant : tout va bien pour Iris. Mais depuis quand n’a-t-elle pas fait l’amour ? Peut-être est-il temps de prendre un amant. S'inscrivant sur une banale appli de rencontre, Iris ouvre la boite de Pandore. Les hommes vont tomber… Comme s’il en pleuvait !",5.3
Vampire humaniste cherche suicidaire consentant,Ariane Louis-Seize,2023,"['Comédie', 'Épouvante-Horreur']","Sasha est une jeune vampire avec un grave problème : elle est trop humaniste pour mordre ! Lorsque ses parents, exaspérés, décident de lui couper les vivres, sa survie est menacée. Heureusement pour elle, Sasha fait la rencontre de Paul, un adolescent solitaire aux comportements suicidaires qui consent à lui offrir sa vie. Ce qui devait être un échange de bons procédés se transforme alors en épopée nocturne durant laquelle les deux nouveaux amis chercheront à réaliser les dernières volontés de...  Voir plus",7.3
The Batman,Matt Reeves,2022,"['Action', 'Drame', 'Policier', 'Thriller']","Deux années à arpenter les rues en tant que Batman et à insuffler la peur chez les criminels ont mené Bruce Wayne au coeur des ténèbres de Gotham City. Avec seulement quelques alliés de confiance - Alfred Pennyworth, le lieutenant James Gordon - parmi le réseau corrompu de fonctionnaires et de personnalités de la ville, le justicier solitaire s'est imposé comme la seule incarnation de la vengeance parmi ses concitoyens. Lorsqu'un tueur s'en prend à l'élite de Gotham par une série de...  Voir plus",7
Everything Everywhere All at Once,Daniel Kwan,2022,"['Science-fiction', 'Action', 'Comédie']","Evelyn Wang est à bout : elle ne comprend plus sa famille, son travail et croule sous les impôts… Soudain, elle se retrouve plongée dans le multivers, des mondes parallèles où elle explore toutes les vies qu’elle aurait pu mener. Face à des forces obscures, elle seule peut sauver le monde mais aussi préserver la chose la plus précieuse : sa famille.",7.2
Licorice Pizza,Paul Thomas Anderson,2021,"['Comédie dramatique', 'Romance']","1973, dans la région de Los Angeles. Alana Kane et Gary Valentine font connaissance le jour de la photo de classe au lycée du garçon. Alana n'est plus lycéenne, mais tente de trouver sa voie tout en travaillant comme assistante du photographe. Gary, lui, a déjà une expérience d'acteur, ce qu'il s'empresse de dire à la jeune fille pour l'impressionner. Amusée et intriguée par son assurance hors normes, elle accepte de l'accompagner à New York pour une émission de télévision. Mais rien ne se...  Voir plus",7.1
Nope,Jordan Peele,2022,"['Science-fiction', 'Épouvante-Horreur']",Les habitants d’une vallée perdue du fin fond de la Californie sont témoins d’une découverte terrifiante à caractère surnaturel.,6.8
As Bestas,Rodrigo Sorogoyen,2022,"['Thriller', 'Drame']","Antoine et Olga, un couple de Français, sont installés depuis longtemps dans un petit village de Galice. Ils ont une ferme et restaurent des maisons abandonnées pour faciliter le repeuplement. Tout devrait être idyllique mais un grave conflit avec leurs voisins fait monter la tension jusqu’à l’irréparable…",7.5
Top Gun: Maverick,Joseph Kosinski,2022,"['Action', 'Drame']","Après avoir été l’un des meilleurs pilotes de chasse de la Marine américaine pendant plus de trente ans, Pete “Maverick"" Mitchell continue à repousser ses limites en tant que pilote d'essai. Il refuse de monter en grade, car cela l’obligerait à renoncer à voler. Il est chargé de former un détachement de jeunes diplômés de l’école Top Gun pour une mission spéciale qu’aucun pilote n'aurait jamais imaginée. Lors de cette mission, Maverick rencontre le lieutenant Bradley “Rooster” Bradshaw, le fils...  Voir plus",7
Avatar - La Voie de l'eau,James Cameron,2022,"['Action', 'Aventure', 'Fantastique', 'Science-fiction']","Dix ans plus tard, Jake Sully et Neytiri sont devenus parents. Leur vie idyllique, proche de la nature, est menacée lorsque la Resources Development Administration, dangereuse organisation non-gouvernementale, est de retour sur Pandora. Contraints de quitter leur habitat naturel, Jake et sa famille se rendent sur les récifs, où ils pensent trouver asile. Mais ils tombent sur un clan, les Metkayina, aux mœurs différentes des leurs...",6.7
Decision to Leave,Park Chan-Wook,2022,"['Thriller', 'Drame', 'Romance', 'Policier']","Hae-Joon, détective chevronné, enquête sur la mort suspecte d’un homme survenue au sommet d’une montagne. Bientôt, il commence à soupçonner Sore, la femme du défunt, tout en étant déstabilisé par son attirance pour elle.",7
La Nuit du 12,Dominik Moll,2022,"['Policier', 'Drame']","À la PJ chaque enquêteur tombe un jour ou l’autre sur un crime qu’il n’arrive pas à résoudre et qui le hante. Pour Yohan c’est le meurtre de Clara. Les interrogatoires se succèdent, les suspects ne manquent pas, et les doutes de Yohan ne cessent de grandir. Une seule chose est certaine, le crime a eu lieu la nuit du 12.",7.2
The Northman,Robert Eggers,2022,"['Aventure', 'Drame', 'Fantastique', 'Historique']","Le jeune prince Amleth vient tout juste de devenir un homme quand son père est brutalement assassiné par son oncle qui s'empare alors de la mère du garçon. Amleth fuit son royaume insulaire en barque, en jurant de se venger. Deux décennies plus tard, Amleth est devenu un berserkr, un guerrier viking capable d'entrer dans une fureur bestiale, qui pille et met à feu, avec ses frères berserkir, des villages slaves jusqu'à ce qu'une devineresse lui rappelle son vœu de venger son père, de secourir...  Voir plus",6.4
Sans filtre,Ruben Östlund,2022,"['Comédie', 'Drame']","Après la Fashion Week, Carl et Yaya, couple de mannequins et influenceurs, sont invités sur un yacht pour une croisière de luxe. Tandis que l’équipage est aux petits soins avec les vacanciers, le capitaine refuse de sortir de sa cabine alors que le fameux dîner de gala approche. Les événements prennent une tournure inattendue et les rapports de force s'inversent lorsqu'une tempête se lève et met en danger le confort des passagers.",6.9
Les Banshees d'Inisherin,Martin McDonagh,2022,['Comédie dramatique'],"Sur Inisherin - une île isolée au large de la côte ouest de l'Irlande - deux compères de toujours, Pádraic et Colm, se retrouvent dans une impasse lorsque Colm décide du jour au lendemain de mettre fin à leur amitié. Abasourdi, Pádraic n’accepte pas la situation et tente par tous les moyens de recoller les morceaux, avec le soutien de sa sœur Siobhan et de Dominic, un jeune insulaire un peu dérangé. Mais les efforts répétés de Pádraic ne font que renforcer la détermination de son ancien ami et...  Voir plus",7.2
Nightmare Alley,Guillermo del Toro,2021,"['Drame', 'Thriller', 'Film noir']","Alors qu'il traverse une mauvaise passe, le charismatique Stanton Carlisle débarque dans une foire itinérante et parvient à s'attirer les bonnes grâces d'une voyante, Zeena et de son mari Pete, une ancienne gloire du mentalisme. S'initiant auprès d'eux, il voit là un moyen de décrocher son ticket pour le succès et décide d'utiliser ses nouveaux talents pour arnaquer l'élite de la bonne société new-yorkaise des années 40. Avec la vertueuse et fidèle Molly à ses côtés, Stanton se met à échafauder...  Voir plus",6.7
Elvis,Baz Luhrmann,2022,"['Biopic', 'Drame', 'Musique']","A la fin des années 1940, Elvis s'installe à Memphis avec ses parents. Passionné de musique, l'adolescent parvient à se construire une solide réputation en chantant dans les festivals locaux. En 1955, sa rencontre avec Tom Parker, un manager réputé, lui offre l'opportunité de réaliser son rêve...",6.7
Armageddon Time,James Gray,2022,['Drame'],"L’histoire très personnelle du passage à l’âge adulte d’un garçon du Queens dans les années 80, de la force de la famille et de la quête générationnelle du rêve américain.",6.8
Anatomie d'une chute,Justine Triet,2023,"['Drame', 'Policier', 'Thriller']","Sandra, Samuel et leur fils malvoyant de 11 ans, Daniel, vivent depuis un an loin de tout, à la montagne. Un jour, Samuel est retrouvé mort au pied de leur maison. Une enquête pour mort suspecte est ouverte. Sandra est bientôt inculpée malgré le doute : suicide ou homicide ? Un an plus tard, Daniel assiste au procès de sa mère, véritable dissection du couple...",7.8
Je verrai toujours vos visages,Jeanne Herry,2023,['Drame'],"Depuis 2014, en France, la Justice Restaurative propose à des personnes victimes et auteurs d’infraction de dialoguer dans des dispositifs sécurisés, encadrés par des professionnels et des bénévoles comme Judith, Fanny ou Michel. Nassim, Issa, et Thomas, condamnés pour vols avec violence, Grégoire, Nawelle et Sabine, victimes de homejacking, de braquages et de vol à l'arraché, mais aussi Chloé, victime de viols incestueux, s’engagent tous dans des mesures de Justice Restaurative. Sur leur...  Voir plus",7.6
Yannick,Quentin Dupieux (Mr. Oizo),2023,['Comédie'],"En pleine représentation de la pièce ""Le Cocu"", un très mauvais boulevard, Yannick se lève et interrompt le spectacle pour reprendre la soirée en main...",7.2
Le Règne animal,Thomas Cailley,2023,"['Science-fiction', 'Aventure', 'Drame']","Dans un monde en proie à une vague de mutations qui transforment peu à peu certains humains en animaux, François fait tout pour sauver sa femme, touchée par ce phénomène mystérieux. Alors que la région se peuple de créatures d'un nouveau genre, il embarque Émile, leur fils de 16 ans, dans une quête qui bouleversera à jamais leur existence...",7.1
Chien de la casse,Jean-Baptiste Durand,2022,['Comédie dramatique'],"Dog et Mirales sont amis d’enfance. Ils vivent dans un petit village du sud de la France et passent la majeure partie de leurs journées à traîner dans les rues. Pour tuer le temps, Mirales a pris l’habitude de taquiner Dog plus que de raison. Leur amitié va être mise à mal par l'arrivée au village d'une jeune fille, Elsa, avec qui Dog va vivre une histoire d'amour. Rongé par la jalousie, Mirales va devoir se défaire de son passé pour pouvoir grandir, et trouver sa place...",7.3
Le Procès Goldman,Cédric Kahn,2023,"['Drame', 'Historique', 'Policier']","En avril 1976 débute le deuxième procès de Pierre Goldman, militant d’extrême gauche, condamné en première instance à la réclusion criminelle à perpétuité pour quatre braquages à main armée, dont un ayant entraîné la mort de deux pharmaciennes. Il clame son innocence dans cette dernière affaire et devient en quelques semaines l’icône de la gauche intellectuelle. Georges Kiejman, jeune avocat, assure sa défense. Mais très vite, leurs rapports se tendent. Goldman, insaisissable et provocateur,...  Voir plus",7.4
Les Trois Mousquetaires - D'Artagnan,Martin Bourboulon,2023,"['Aventure', 'Drame', 'Historique']","Du Louvre au Palais de Buckingham, des bas-fonds de Paris au siège de La Rochelle… dans un Royaume divisé par les guerres de religion et menacé d’invasion par l’Angleterre, une poignée d’hommes et de femmes vont croiser leurs épées et lier leur destin à celui de la France.",6.4
Mars Express,Jérémie Périn,2023,"['Animation', 'Science-fiction']","En l’an 2200, Aline Ruby, détective privée obstinée, et Carlos Rivera son partenaire androïde sont embauchés par un riche homme d’affaires afin de capturer sur Terre une célèbre hackeuse. De retour sur Mars, une nouvelle affaire va les conduire à s’aventurer dans les entrailles de Noctis, la capitale martienne, à la recherche de Jun Chow, une étudiante en cybernétique disparue. Noctis est leur ville, une utopie libertarienne rendue possible par les progrès en robotique, emblème d’un futur...  Voir plus",7.5
L’Amour et les forêts,Valérie Donzelli,2023,"['Drame', 'Romance', 'Thriller']","Quand Blanche croise le chemin de Grégoire, elle pense rencontrer celui qu’elle cherche. Les liens qui les unissent se tissent rapidement et leur histoire se construit dans l’emportement. Le couple déménage, Blanche s’éloigne de sa famille, de sa sœur jumelle, s’ouvre à une nouvelle vie. Mais fil après fil, elle se retrouve sous l’emprise d’un homme possessif et dangereux...",6.9
Le Livre des solutions,Michel Gondry,2023,"['Comédie', 'Drame']","Marc s'enfuit avec toute son équipe dans un petit village des Cévennes pour finir son film chez sa tante Denise. Sur place, sa créativité se manifeste par un million d'idées qui le plongent dans un drôle de chaos. Marc se lance alors dans l’écriture du Livre des Solutions, un guide de conseils pratiques qui pourrait bien être la solution à tous ses problèmes…",6.5
Mon crime,François Ozon,2022,"['Comédie', 'Policier']","Dans les années 30 à Paris, Madeleine Verdier, jeune et jolie actrice sans le sou et sans talent, est accusée du meurtre d’un célèbre producteur. Aidée de sa meilleure amie Pauline, jeune avocate au chômage, elle est acquittée pour légitime défense. Commence alors une nouvelle vie, faite de gloire et de succès, jusqu’à ce que la vérité éclate au grand jour…",6.2
La Passion de Dodin Bouffant,Trần Anh Hùng,2023,"['Drame', 'Romance']","Eugénie, cuisinière hors pair, est depuis 20 ans au service du célèbre gastronome Dodin.
Au fil du temps, de la pratique de la gastronomie et de l'admiration réciproque est née une relation amoureuse.
De cette union naissent des plats tous plus savoureux et délicats les uns que les autres qui vont jusqu'à émerveiller les plus grands de ce monde. Pourtant, Eugénie, avide de liberté, n'a jamais voulu se marier avec Dodin. Ce dernier décide alors de faire quelque chose qu'il n'a encore jamais...  Voir plus",7
Bonne conduite,Jonathan Barré,2023,"['Comédie', 'Thriller', 'Policier']","Pauline a une méthode bien à elle pour faire de la prévention routière : formatrice dans un centre de récupération de points le jour, elle se transforme en serial killeuse de chauffards la nuit...",6
Second Tour,Albert Dupontel,2023,['Comédie dramatique'],"Journaliste politique en disgrâce placée à la rubrique football, Mademoiselle Pove est sollicitée pour suivre la campagne présidentielle en cours. Le favori est un quinquagénaire, héritier d’une puissante famille française et novice en politique. Troublée par ce candidat qu’elle a connu moins lisse par le passé, Mademoiselle Pove se lance dans une enquête aussi étonnante que jubilatoire...",6.2
Vermines,Sébastien Vaniček,2023,['Épouvante-Horreur'],"Face à une invasion d'araignées, les habitants d'un immeuble vont devoir survivre.",7
Dune,Denis Villeneuve,2021,"['Science-fiction', 'Drame']","L'histoire de Paul Atreides, jeune homme aussi doué que brillant, voué à connaître un destin hors du commun qui le dépasse totalement. Car s'il veut préserver l'avenir de sa famille et de son peuple, il devra se rendre sur la planète la plus dangereuse de l'univers – la seule à même de fournir la ressource la plus précieuse au monde, capable de décupler la puissance de l'humanité. Tandis que des forces maléfiques se disputent le contrôle de cette planète, seuls ceux qui parviennent à dominer...  Voir plus",7.4
Annette,Leos Carax,2021,"['Drame', 'Comédie musicale', 'Romance']","Los Angeles, de nos jours. Henry est un comédien de stand-up à l’humour féroce. Ann, une cantatrice de renommée internationale. Ensemble, sous le feu des projecteurs, ils forment un couple épanoui et glamour. La naissance de leur premier enfant, Annette, une fillette mystérieuse au destin exceptionnel, va bouleverser leur vie.",6.8
The Father,Florian Zeller,2020,['Drame'],"Alors qu’il vieillit et devient de moins en moins autonome, un père refuse l’aide de sa fille. Voyant la situation se dégrader, il commence à douter de ses proches, de son propre esprit et même de ce qui est réel.",7.6
Le Dernier Duel,Ridley Scott,2021,"['Drame', 'Historique']","Basé sur des événements réels, le film dévoile d’anciennes hypothèses sur le dernier duel judiciaire connu en France - également nommé « Jugement de Dieu » - entre Jean de Carrouges et Jacques Le Gris, deux amis devenus au fil du temps des rivaux acharnés.",7.2
Don't Look Up - Déni cosmique,Adam McKay,2021,"['Comédie dramatique', 'Science-fiction']",Deux piètres astronomes s'embarquent dans une gigantesque tournée médiatique pour prévenir l'humanité qu'une comète se dirige vers la Terre et s'apprête à la détruire.,6.8
Titane,Julia Ducournau,2021,"['Drame', 'Thriller', 'Épouvante-Horreur']","Après une série de crimes inexpliqués, un père retrouve son fils disparu depuis 10 ans. Titane : Métal hautement résistant à la chaleur et à la corrosion, donnant des alliages très durs.",6.1
Julie (en 12 chapitres),Joachim Trier,2021,"['Comédie dramatique', 'Romance']","Oslo, de nos jours. Julie est une jeune femme pleine de ressource, mais à 30 ans, elle cherche encore sa voie. Bien qu’heureuse avec Aksel, un dessinateur à succès, aimant et protecteur, elle refuse l’enfant qu’il désire. Quand Julie le quitte pour Eivind, elle espère, une fois de plus, commencer une nouvelle vie.",7.4
Last Night in Soho,Edgar Wright,2021,"['Thriller', 'Épouvante-Horreur', 'Drame', 'Fantastique']","Une jeune fille, passionnée par la mode, parvient mystérieusement à voyager dans les années 1960 où elle rencontre son idole, une éblouissante chanteuse en devenir. Mais le Londres des années 1960 n'est pas ce qu'il paraît, et le temps semble se désagréger avec d'obscures conséquences.",6.7
Le Sommet des dieux,Patrick Imbert,2021,"['Animation', 'Aventure', 'Drame', 'Sport']","A Katmandou, le reporter japonais Fukamachi croit reconnaître Habu Jôji, cet alpiniste que l'on pensait disparu depuis des années. Il semble tenir entre ses mains un appareil photo qui pourrait changer l'histoire de l'alpinisme. Et si George Mallory et Andrew Irvine étaient les premiers hommes à avoir atteint le sommet de l'Everest, le 8 juin 1924 ? Seul le petit Kodak Vest Pocket avec lequel ils devaient se photographier sur le toit du monde pourrait livrer la vérité.",7.7
Drive My Car,Ryusuke Hamaguchi,2021,['Drame'],"Alors qu'il n'arrive toujours pas à se remettre d'un drame personnel, Yusuke Kafuku, acteur et metteur en scène de théâtre, accepte de monter Oncle Vania dans un festival, à Hiroshima. Il y fait la connaissance de Misaki, une jeune femme réservée qu'on lui a assignée comme chauffeure. Au fil des trajets, la sincérité croissante de leurs échanges les oblige à faire face à leur passé.",7.3
Illusions perdues,Xavier Giannoli,2021,"['Drame', 'Historique']","Lucien est un jeune poète inconnu dans la France du XIXème siècle. Il a de grandes espérances et veut se forger un destin. Il quitte l’imprimerie familiale de sa province natale pour tenter sa chance à Paris, au bras de sa protectrice. Bientôt livré à lui-même dans la ville fabuleuse, le jeune homme va découvrir les coulisses d’un monde voué à la loi du profit et des faux-semblants. Une comédie humaine où tout s’achète et se vend, la littérature comme la presse, la politique comme les...  Voir plus",7.4
West Side Story,Steven Spielberg,2021,"['Comédie musicale', 'Drame', 'Romance']","Alors que les tensions sont à leur apogée dans West Side, Riff, leader des Jets, convainc Tony, l'ancien chef, de participer à un bal avec leurs adversaires. Le jeune homme accepte et rencontre à cette occasion la sœur du chef du clan rival, Maria, débutant une romance qui met le feu aux poudres...",7.1
Onoda,Arthur Harari,2021,"['Drame', 'Guerre', 'Biopic']","Fin 1944. Le Japon est en train de perdre la guerre. Sur ordre du mystérieux Major Taniguchi, le jeune Hiroo Onoda est envoyé sur une île des Philippines juste avant le débarquement américain. La poignée de soldats qu'il entraîne dans la jungle découvre bientôt la doctrine inconnue qui va les lier à cet homme : la Guerre Secrète. Pour l'Empire, la guerre est sur le point de finir. Pour Onoda, elle s'achèvera 10 000 nuits plus tard.",7.5
Nomadland,Chloé Zhao,2020,['Drame'],"Après l’effondrement économique de la cité ouvrière du Nevada où elle vivait, Fern décide de prendre la route à bord de son van aménagé et d’adopter une vie de nomade des temps modernes, en rupture avec les standards de la société actuelle. De vrais nomades incarnent les camarades et mentors de Fern et l’accompagnent dans sa découverte des vastes étendues de l’Ouest américain.",6.8
Boîte noire,Yann Gozlan,2021,"['Drame', 'Thriller']","Que s’est-il passé à bord du vol Dubaï-Paris avant son crash dans le massif alpin ? Technicien au BEA, autorité responsable des enquêtes de sécurité dans l’aviation civile, Mathieu Vasseur est propulsé enquêteur en chef sur une catastrophe aérienne sans précédent. Erreur de pilotage ? Défaillance technique ? Acte terroriste ? L’analyse minutieuse des boîtes noires va pousser Mathieu à mener en secret sa propre investigation. Il ignore encore jusqu’où va le mener sa quête de vérité.",7
Parasite,Bong Joon-Ho,2019,"['Drame', 'Thriller', 'Comédie']","Toute la famille de Ki-taek est au chômage, et s’intéresse fortement au train de vie de la richissime famille Park. Un jour, leur fils réussit à se faire recommander pour donner des cours particuliers d’anglais chez les Park. C’est le début d’un engrenage incontrôlable, dont personne ne sortira véritablement indemne…",8.3
Joker,Todd Phillips,2019,"['Policier', 'Drame', 'Thriller']","Dans les années 1980, à Gotham City, Arthur Fleck, un comédien de stand-up raté est agressé alors qu'il erre dans les rues de la ville déguisé en clown. Méprisé de tous et bafoué, il bascule peu à peu dans la folie pour devenir le Joker, un dangereux tueur psychotique.",7.6
Once Upon a Time... in Hollywood,Quentin Tarantino,2019,"['Drame', 'Comédie']","En 1969, la star de télévision Rick Dalton et le cascadeur Cliff Booth, sa doublure de longue date, poursuivent leurs carrières au sein d’une industrie qu’ils ne reconnaissent plus.",7.2
Green Book - Sur les routes du Sud,Peter Farrelly,2018,"['Drame', 'Biopic', 'Road movie']","En 1962, alors que règne la ségrégation, un videur italo-américain du Bronx est engagé pour conduire et protéger un pianiste noir de renommée mondiale lors d’une tournée de concerts. Ils s’appuient sur le Green Book pour dénicher les établissements accueillant les personnes de couleur.",7.6
Les Misérables,Ladj Ly,2019,['Drame'],"Stéphane, tout juste arrivé de Cherbourg, intègre la Brigade Anti-Criminalité de Montfermeil, dans le 93. Il va faire la rencontre de ses nouveaux coéquipiers, Chris et Gwada, deux «Bacqueux» d’expérience. Il découvre rapidement les tensions entre les différents groupes du quartier.",7.5
Midsommar,Ari Aster,2019,"['Drame', 'Épouvante-Horreur', 'Thriller']","Dani et Christian sont sur le point de se séparer quand la famille de Dani est touchée par une tragédie. Attristé par le deuil de la jeune femme, Christian ne peut se résoudre à la laisser seule et l’emmène avec lui et ses amis à un festival estival qui n’a lieu qu’une fois tous les 90 ans et se déroule dans un village suédois isolé. Mais ce qui commence comme des vacances insouciantes dans un pays où le soleil ne se couche pas va vite prendre une tournure beaucoup plus sinistre et inquiétante.",7.2
Le Chant du loup,Antonin Baudry (Abel Lanzac),2019,"['Action', 'Drame', 'Thriller', 'Guerre']","Un jeune homme a le don rare de reconnaître chaque son qu’il entend. A bord d’un sous-marin nucléaire français, tout repose sur lui, l’Oreille d’Or. Réputé infaillible, il commet pourtant une erreur qui met l’équipage en danger de mort. Il veut retrouver la confiance de ses camarades mais sa quête les entraîne dans une situation encore plus dramatique. Dans le monde de la dissuasion nucléaire et de la désinformation, ils se retrouvent tous pris au piège d’un engrenage incontrôlable.",7.3
Portrait de la jeune fille en feu,Céline Sciamma,2019,"['Drame', 'Historique', 'Romance']","1770. Marianne est peintre et doit réaliser le portrait de mariage d’Héloïse, une jeune femme qui vient de quitter le couvent. Héloïse résiste à son destin d’épouse en refusant de poser. Marianne va devoir la peindre en secret. Introduite auprès d’elle en tant que dame de compagnie, elle la regarde.",7.4
La Favorite,Yórgos Lánthimos,2018,"['Historique', 'Drame', 'Comédie', 'Biopic', 'Thriller']","Début du XVIIIème siècle. L’Angleterre et la France sont en guerre. Toutefois, à la cour, la mode est aux courses de canards et à la dégustation d’ananas. La reine Anne, à la santé fragile et au caractère instable, occupe le trône tandis que son amie Lady Sarah gouverne le pays à sa place. Lorsqu’une nouvelle servante, Abigail Hill, arrive à la cour, Lady Sarah la prend sous son aile, pensant qu’elle pourrait être une alliée. Abigail va y voir l’opportunité de renouer avec ses racines...  Voir plus",7.2
Ad Astra,James Gray,2019,"['Science-fiction', 'Aventure', 'Drame', 'Thriller']","L’astronaute Roy McBride s’aventure jusqu’aux confins du système solaire à la recherche de son père disparu et pour résoudre un mystère qui menace la survie de notre planète. Lors de son voyage, il sera confronté à des révélations mettant en cause la nature même de l’existence humaine, et notre place dans l’univers.",6.5
Avengers: Endgame,Anthony Russo,2019,"['Action', 'Aventure', 'Fantasy', 'Science-fiction']","Thanos ayant anéanti la moitié de l’univers, les Avengers restants resserrent les rangs dans ce vingt-deuxième film des Studios Marvel, grande conclusion d’un des chapitres de l’Univers Cinématographique Marvel.",6.5
Marriage Story,Noah Baumbach,2019,"['Drame', 'Romance']","Un metteur en scène et sa femme, comédienne, se débattent dans un divorce exténuant qui les pousse à des extrêmes...",7.3
Toy Story 4,Josh Cooley,2019,"['Animation', 'Comédie', 'Aventure']","Woody a toujours privilégié la joie et le bien-être de ses jeunes propriétaires – Andy puis Bonnie – et de ses compagnons, n’hésitant pas à prendre tous les risques pour eux, aussi inconsidérés soient-ils. L’arrivée de Forky un nouveau jouet qui ne veut pas en être un dans la chambre de Bonnie met toute la petite bande en émoi. C’est le début d’une grande aventure et d’un extraordinaire voyage pour Woody et ses amis. Le cowboy va découvrir à quel point le monde peut être vaste pour un jouet…",7.2
The Irishman,Martin Scorsese,2019,"['Drame', 'Gangster', 'Policier', 'Biopic']","Cette saga sur le crime organisé dans l'Amérique de l'après-guerre est racontée du point de vue de Frank Sheeran, un ancien soldat de la Seconde Guerre mondiale devenu escroc et tueur à gages ayant travaillé aux côtés de quelques-unes des plus grandes figures du XX° siècle. Couvrant plusieurs décennies, le film relate l'un des mystères insondables de l'histoire des États-Unis : la disparition du légendaire dirigeant syndicaliste Jimmy Hoffa. Il offre également une plongée monumentale dans les...  Voir plus",7
À couteaux tirés,Rian Johnson,2019,"['Comédie', 'Policier', 'Drame', 'Thriller']","Célèbre auteur de polars, Harlan Thrombey est retrouvé mort dans sa somptueuse propriété, le soir de ses 85 ans. L’esprit affûté et la mine débonnaire, le détective Benoit Blanc est alors engagé par un commanditaire anonyme afin d’élucider l’affaire. Mais entre la famille d’Harlan qui s'entre-déchire et son personnel qui lui reste dévoué, Blanc plonge dans les méandres d’une enquête mouvementée...",7.1
3 Billboards - Les Panneaux de la vengeance,Martin McDonagh,2017,"['Comédie', 'Policier', 'Drame']","Après des mois sans que l'enquête sur la mort de sa fille ait avancé, Mildred Hayes prend les choses en main, affichant un message controversé visant le très respecté chef de la police sur trois grands panneaux à l'entrée de leur ville.",7.6
L'Île aux chiens,Wes Anderson,2018,"['Aventure', 'Comédie', 'Science-fiction', 'Animation']","En raison d’une épidémie de grippe canine, le maire de Megasaki ordonne la mise en quarantaine de tous les chiens de la ville, envoyés sur une île qui devient alors l’Ile aux Chiens. Le jeune Atari, 12 ans, vole un avion et se rend sur l’île pour rechercher son fidèle compagnon, Spots. Aidé par une bande de cinq chiens intrépides et attachants, il découvre une conspiration qui menace la ville.",7.7
Spider-Man : New Generation,Bob Persichetti,2018,"['Action', 'Aventure', 'Science-fiction', 'Animation']","Miles Morales est un adolescent afro-américain et portoricain qui vit à Brooklyn et s'efforce de s'intégrer dans son nouveau collège à Manhattan. Mais sa vie se complique quand il se fait mordre par une araignée radioactive et se découvre des super-pouvoirs : il est désormais capable d'empoisonner ses adversaires, de se camoufler, de coller littéralement aux murs et aux plafonds ; son ouïe est démultipliée… Dans le même temps, le plus redoutable cerveau criminel de la ville, le Caïd, a mis au...  Voir plus",8
Ready Player One,Steven Spielberg,2018,"['Action', 'Aventure', 'Science-fiction']","2044. La Terre est à l’agonie. Comme la majeure partie de l’humanité, Wade, 17 ans, passe son temps dans l’OASIS – un univers virtuel où chacun peut vivre et être ce qui lui chante. Mais lorsque le fondateur de l’OASIS meurt sans héritier, une formidable chasse au trésor est lancée : celui qui découvrira les trois clefs cachées dans l’OASIS par son créateur remportera 250 milliards de dollars ! Multinationales et geeks s’affrontent alors dans une quête épique, dont l’avenir du monde est...  Voir plus",6.7
La Forme de l'eau,Guillermo del Toro,2017,"['Drame', 'Fantastique', 'Romance']","Modeste employée d’un laboratoire gouvernemental ultrasecret, Elisa mène une existence solitaire, d’autant plus isolée qu’elle est muette. Sa vie bascule à jamais lorsqu’elle et sa collègue Zelda découvrent une expérience encore plus secrète que les autres…",6.8
Avengers: Infinity War,Anthony Russo,2018,"['Action', 'Aventure', 'Fantasy', 'Science-fiction']",Les Avengers et leurs alliés devront être prêts à tout sacrifier pour neutraliser le redoutable Thanos avant que son attaque éclair ne conduise à la destruction complète de l’univers.,7
Call Me by Your Name,Luca Guadagnino,2018,"['Drame', 'Romance']","Été 1983. Elio Perlman, 17 ans, passe ses vacances dans la villa du XVIIe siècle que possède sa famille en Italie, à jouer de la musique classique, à lire et à flirter avec son amie Marzia. Son père, éminent professeur spécialiste de la culture gréco-romaine, et sa mère, traductrice, lui ont donné une excellente éducation, et il est proche de ses parents. Sa sophistication et ses talents intellectuels font d’Elio un jeune homme mûr pour son âge, mais il conserve aussi une certaine innocence, en...  Voir plus",7.2
First Man - Le Premier Homme sur la Lune,Damien Chazelle,2018,"['Biopic', 'Drame']","Pilote jugé « un peu distrait » par ses supérieurs en 1961, Neil Armstrong sera, le 21 juillet 1969, le premier homme à marcher sur la lune. Durant huit ans, il subit un entraînement de plus en plus difficile, assumant courageusement tous les risques d’un voyage vers l’inconnu total. Meurtri par des épreuves personnelles qui laissent des traces indélébiles, Armstrong tente d’être un mari aimant auprès d’une femme qui l’avait épousé en espérant une vie normale.",7.1
Les Indestructibles 2,Brad Bird,2018,"['Animation', 'Action', 'Aventure', 'Fantastique']","Notre famille de super-héros préférée est de retour! Cette fois c’est Hélène qui se retrouve sur le devant de la scène laissant à Bob le soin de mener à bien les mille et une missions de la vie quotidienne et de s’occuper de Violette, Flèche et de bébé Jack-Jack. C’est un changement de rythme difficile pour la famille d’autant que personne ne mesure réellement l’étendue des incroyables pouvoirs du petit dernier… Lorsqu’un nouvel ennemi fait surface, la famille et Frozone vont devoir s’allier...  Voir plus",7.2
Phantom Thread,Paul Thomas Anderson,2017,['Drame'],"Dans le Londres glamour des années 50, le célèbre couturier Reynold Woodcock et sa sœur Cyril sont au cœur de la mode britannique, habillant la famille royale, les stars de cinéma, les héritières, les mondains et les dames dans le style reconnaissable de la Maison Woodcock. Les femmes défilent dans la vie de Woodcock, apportant à ce célibataire endurci inspiration et compagnie, jusqu’au jour où il rencontre Alma, une jeune femme au caractère fort qui deviendra rapidement sa muse et son amante...  Voir plus",7.2
BlacKkKlansman - J'ai infiltré le Ku Klux Klan,Spike Lee,2018,"['Comédie', 'Policier', 'Biopic']","Au début des années 70, au plus fort de la lutte pour les droits civiques, plusieurs émeutes raciales éclatent dans les grandes villes des États-Unis. Ron Stallworth devient le premier officier Noir américain du Colorado Springs Police Department, mais son arrivée est accueillie avec scepticisme, voire avec une franche hostilité, par les agents les moins gradés du commissariat. Prenant son courage à deux mains, Stallworth va tenter de faire bouger les lignes et, peut-être, de laisser une trace...  Voir plus",7
Under the Silver Lake,David Robert Mitchell,2018,"['Thriller', 'Drame', 'Comédie', 'Film noir']","À Los Angeles, Sam, 33 ans, sans emploi, rêve de célébrité. Lorsque Sarah, une jeune et énigmatique voisine, se volatilise brusquement, Sam se lance à sa recherche et entreprend alors une enquête obsessionnelle surréaliste à travers la ville. Elle le fera plonger jusque dans les profondeurs les plus ténébreuses de la Cité des Anges, où il devra élucider disparitions et meurtres mystérieux sur fond de scandales et de conspirations.",6.8
Jusqu'à la garde,Xavier Legrand,2018,['Drame'],"Le couple Besson divorce. Pour protéger son fils d’un père qu’elle accuse de violences, Miriam en demande la garde exclusive. La juge en charge du dossier accorde une garde partagée au père.",7.5
Bohemian Rhapsody,Bryan Singer,2018,"['Biopic', 'Drame', 'Musique']","""Bohemian Rhapsody"" retrace le destin extraordinaire du groupe Queen et de leur chanteur emblématique Freddie Mercury, qui a défié les stéréotypes, brisé les conventions et révolutionné la musique. Du succès fulgurant de Freddie Mercury à ses excès, risquant la quasi-implosion du groupe, jusqu’à son retour triomphal sur scène lors du concert Live Aid, alors qu’il était frappé par la maladie, découvrez la vie exceptionnelle d’un homme qui continue d’inspirer les outsiders, les rêveurs et tous...  Voir plus",6.7
Une affaire de famille,Hirokazu Kore-eda,2018,['Drame'],"Osamu travaille comme journalier. Lui et son fils Shota aiment voler à l'étalage. Sur le chemin de la maison, Osamu trouve un soir, après une session de vol, la petite Yuri qu'il ramène chez lui, où vivent déjà sa femme Nobuyo, sa belle-sœur Aki et la grand-mère Hatsue. Ils forment ensemble une famille pauvre mais heureuse.",7.6
1917,Sam Mendes,2019,"['Drame', 'Guerre']","Pris dans la tourmente de la Première Guerre Mondiale, Schofield et Blake, deux jeunes soldats britanniques, se voient assigner une mission à proprement parler impossible. Porteurs d’un message qui pourrait empêcher une attaque dévastatrice et la mort de centaines de soldats, dont le frère de Blake, ils se lancent dans une véritable course contre la montre, derrière les lignes ennemies.",7.6
Drunk,Thomas Vinterberg,2020,['Comédie dramatique'],"Quatre amis décident de mettre en pratique la théorie d’un psychologue norvégien selon laquelle l’homme aurait dès la naissance un déficit d’alcool dans le sang. Avec une rigueur scientifique, chacun relève le défi en espérant tous que leur vie n’en sera que meilleure ! Si dans un premier temps les résultats sont encourageants, la situation devient rapidement hors de contrôle.",7.3
Jojo Rabbit,Taika Waititi,2019,"['Comédie', 'Drame', 'Guerre']","Jojo est un petit allemand solitaire. Sa vision du monde est mise à l’épreuve quand il découvre que sa mère cache une jeune fille juive dans leur grenier. Avec la seule aide de son ami aussi grotesque qu'imaginaire, Adolf Hitler, Jojo va devoir faire face à son nationalisme aveugle.",7.1
Soul,Pete Docter,2020,"['Animation', 'Aventure', 'Comédie', 'Fantastique', 'Comédie musicale']","Au moment où Joe pense que son rêve est désormais à portée de main, un pas malencontreux l’expédie dans un endroit fantastique où il est obligé de réfléchir à nouveau à la signification d’avoir une âme. C’est là qu’il se lie d’amitié avec 22, une âme qui ne pense pas que la vie sur Terre soit aussi bien que ce qu’on veut bien lui faire croire...",7.4
Tenet,Christopher Nolan,2020,"['Action', 'Science-fiction', 'Thriller']","Muni d’un seul mot – Tenet – et décidé à se battre pour sauver le monde, notre protagoniste sillonne l’univers crépusculaire de l’espionnage international. Sa mission le projettera dans une dimension qui dépasse le temps. Pourtant, il ne s’agit pas d’un voyage dans le temps, mais d’un renversement temporel.",6.2
Uncut Gems,Josh Safdie,2019,"['Thriller', 'Drame']","Un propriétaire de bijouterie, au sein de Diamond District à New York, et revendeur à ses heures perdues, voit sa vie bouleversée lorsque sa marchandise est volée.",6.9
The Gentlemen,Guy Ritchie,2019,"['Action', 'Comédie', 'Gangster']","Quand Mickey Pearson, baron de la drogue à Londres, laisse entendre qu'il pourrait se retirer du marché, il déclenche une guerre explosive : la capitale anglaise devient le théâtre de tous les chantages, complots, trahisons, corruptions et enlèvements… Dans cette jungle où l'on ne distingue plus ses alliés de ses ennemis, il n'y a de la place que pour un seul roi !",7.1
Adieu les cons,Albert Dupontel,2020,['Comédie dramatique'],"Lorsque Suze Trappet apprend à 43 ans qu’elle est sérieusement malade, elle décide de partir à la recherche de l'enfant qu’elle a été forcée d'abandonner quand elle avait 15 ans. Sa quête administrative va lui faire croiser JB, quinquagénaire en plein burn out, et M. Blin, archiviste aveugle d’un enthousiasme impressionnant. À eux trois, ils se lancent dans une quête aussi spectaculaire qu’improbable.",6.9
Le Cas Richard Jewell,Clint Eastwood,2019,"['Biopic', 'Drame', 'Policier']","En 1996, Richard Jewell fait partie de l'équipe chargée de la sécurité des Jeux d'Atlanta. Il est l'un des premiers à alerter de la présence d'une bombe et à sauver des vies. Mais il se retrouve bientôt suspecté... de terrorisme, passant du statut de héros à celui d'homme le plus détesté des Etats-Unis. Il fut innocenté trois mois plus tard par le FBI mais sa réputation ne fut jamais complètement rétablie, sa santé étant endommagée par l'expérience.",7
Dark Waters,Todd Haynes,2019,"['Biopic', 'Drame', 'Thriller']","Robert Bilott est un avocat spécialisé dans la défense des industries chimiques. Interpellé par un paysan, voisin de sa grand-mère, il va découvrir que la campagne idyllique de son enfance est empoisonnée par une usine du puissant groupe chimique DuPont, premier employeur de la région. Afin de faire éclater la vérité sur la pollution mortelle due aux rejets toxiques de l’usine, il va risquer sa carrière, sa famille, et même sa propre vie.",7.2
En avant,Dan Scanlon,2020,"['Animation', 'Comédie', 'Aventure', 'Fantastique', 'Jeunesse', 'Road movie']","Dans la banlieue d’un univers imaginaire, deux frères elfes se lancent dans une quête extraordinaire pour découvrir s’il reste encore un peu de magie dans le monde.",6.8
Play,Anthony Marciano,2020,['Comédie romantique'],"En 1993, Max a 13 ans quand on lui offre sa première caméra. Pendant 25 ans il ne s’arrêtera pas de filmer. La bande de potes, les amours, les succès, les échecs. Des années 90 aux années 2010, c’est le portrait de toute une génération qui se dessine à travers son objectif.",7
Les Filles du docteur March,Greta Gerwig,2019,"['Drame', 'Romance']","Une nouvelle adaptation du classique de Louisa May Alcott, narrant l’histoire de quatre filles de la classe moyenne durant la Guerre de Sécession.",6.6
Les Sept de Chicago,Aaron Sorkin,2020,"['Drame', 'Historique', 'Thriller']","Alors qu’elle devait être pacifique, la manifestation tenue en marge de la convention démocrate de 1968 s’est transformée en un affrontement violent avec la police et la garde nationale américaine. Ses organisateurs, notamment Abbie Hoffman, Jerry Rubin, Tom Hayden et Bobby Seale, ont alors été accusés de conspiration et d’incitation à la révolte lors d’un procès entré dans l’Histoire.",7.1
Invisible Man,Leigh Whannell,2020,"['Épouvante-Horreur', 'Science-fiction', 'Thriller']","Cecilia Kass est en couple avec un brillant et riche scientifique. Ne supportant plus son comportement violent et tyrannique, elle prend la fuite une nuit et se réfugie auprès de sa sœur, leur ami d'enfance et sa fille adolescente.
Mais quand l'homme se suicide en laissant à Cecilia une part importante de son immense fortune, celle-ci commence à se demander s'il est réellement mort. Tandis qu'une série de coïncidences inquiétantes menace la vie des êtres qu'elle aime, Cecilia cherche...  Voir plus",6.3
La La Land,Damien Chazelle,2016,"['Comédie musicale', 'Comédie dramatique', 'Romance', 'Musique']","Au cœur de Los Angeles, une actrice en devenir prénommée Mia sert des cafés entre deux auditions.
De son côté, Sebastian, passionné de jazz, joue du piano dans des clubs miteux pour assurer sa subsistance.
Tous deux sont bien loin de la vie rêvée à laquelle ils aspirent…
Le destin va réunir ces doux rêveurs, mais leur coup de foudre résistera-t-il aux tentations, aux déceptions, et à la vie trépidante d’Hollywood ?",7.5
Blade Runner 2049,Denis Villeneuve,2017,"['Science-fiction', 'Drame', 'Policier']","En 2049, la société est fragilisée par les nombreuses tensions entre les humains et leurs esclaves créés par Bioingénierie. L’officier K est un Blade Runner : il fait partie d’une force d’intervention d’élite chargée de trouver et d’éliminer ceux qui n’obéissent pas aux ordres des humains. Lorsqu’il découvre un secret enfoui depuis longtemps et capable de changer le monde, les plus hautes instances décident que c’est à son tour d’être traqué et éliminé. Son seul espoir est de retrouver Rick...  Voir plus",7.4
Logan,James Mangold,2017,"['Action', 'Science-fiction', 'Aventure', 'Drame', 'Thriller']","Dans un futur proche, un Logan épuisé prend soin d'un Professeur X malade dans un recoin de la frontière mexicaine. Mais les tentatives de Logan de se cacher du monde et son héritage sont bouleversés lorsqu'une jeune mutante arrive, poursuivie par les forces du mal.",7.1
Get Out,Jordan Peele,2017,"['Thriller', 'Épouvante-Horreur']","Couple mixte, Chris et sa petite amie Rose filent le parfait amour. Le moment est donc venu de rencontrer la belle famille, Missy et Dean lors d’un week-end sur leur domaine dans le nord de l’État. Chris commence par penser que l’atmosphère tendue est liée à leur différence de couleur de peau, mais très vite une série d’incidents de plus en plus inquiétants lui permet de découvrir l’inimaginable.",7.2
Dunkerque,Christopher Nolan,2017,"['Action', 'Drame', 'Guerre']","Au début de la Seconde Guerre mondiale, en mai 1940, environ 400 000 soldats britanniques, français et belges se retrouvent encerclés par les troupes allemandes dans la poche de Dunkerque. L'opération Dynamo est mise en place pour évacuer le Corps expéditionnaire britannique (CEB) vers l'Angleterre. L'histoire s'intéresse aux destins croisés des soldats, pilotes, marins et civils anglais durant l'Opération Dynamo. Alors que le CEB est évacué par le port et les plages de Dunkerque, trois soldats...  Voir plus",6.9
Baby Driver,Edgar Wright,2017,"['Action', 'Thriller', 'Comédie', 'Gangster']","Chauffeur pour des braqueurs de banque, Baby ne compte que sur lui-même pour être le meilleur. Lorsqu’il rencontre la fille de ses rêves, il cherche à mettre fin à ses activités criminelles. Mais son patron ne va pas le laisser revenir dans le droit chemin si facilement...",6.8
Grave,Julia Ducournau,2016,"['Épouvante-Horreur', 'Drame']","Dans la famille de Justine tout le monde est vétérinaire et végétarien. À 16 ans, elle est une adolescente surdouée sur le point d’intégrer l’école véto où sa sœur ainée est également élève. Mais, à peine installés, le bizutage commence pour les premières années. On force Justine à manger de la viande crue. C’est la première fois de sa vie. Les conséquences ne se font pas attendre. Justine découvre sa vraie nature.",6.9
Coco,Lee Unkrich,2017,"['Animation', 'Aventure', 'Comédie', 'Fantastique', 'Comédie musicale']","Un jeune garçon trouve le moyen de pénétrer dans le royaume des morts. Cependant, il doit retrouver le fantôme d'un célèbre musicien pour espérer retourner dans le monde des vivants.",7.7
Au revoir là-haut,Albert Dupontel,2017,"['Comédie dramatique', 'Guerre']","Novembre 1919. Deux rescapés des tranchées, l'un dessinateur de génie, l'autre modeste comptable, décident de monter une arnaque aux monuments aux morts.",7.4
120 battements par minute,Robin Campillo,2017,['Drame'],"Début des années 90. Alors que le sida tue depuis près de dix ans, les militants d'Act Up-Paris multiplient les actions pour lutter contre l'indifférence générale. Nouveau venu dans le groupe, Nathan va être bouleversé par Sean qui consume ses dernières forces dans l'action.",7.4
The Lost City of Z,James Gray,2017,"['Aventure', 'Biopic', 'Drame', 'Historique']","L’histoire vraie de Percival Harrison Fawcett, un des plus grands explorateurs du XXe siècle. Percy Fawcett est un colonel britannique reconnu et un mari aimant. En 1906, alors qu’il s’apprête à devenir père, la Société géographique royale d'Angleterre lui propose de partir en Amazonie afin de cartographier les frontières entre le Brésil et la Bolivie. Sur place, l’homme se prend de passion pour l’exploration et découvre des traces de ce qu’il pense être une cité perdue très ancienne. De retour...  Voir plus",7
Split,M. Night Shyamalan,2016,"['Thriller', 'Épouvante-Horreur']","Kevin a manifesté 23 personnalités devant son psychiatre de longue date, le Dr Fletcher mais il en reste une, immergée, qui commence à se matérialiser et à dominer toutes les autres. Contraint d'enlever trois adolescentes, dont la jeune Casey, Kevin se bat pour survivre parmi tous ceux qui évoluent en lui-même – et autour de lui- tandis que les murs entre ses personnalités volent en éclats.",6.8
Okja,Bong Joon-Ho,2017,"['Action', 'Aventure', 'Drame', 'Science-fiction']","Une petite fille devient ami avec un cochon fabriqué génétiquement appelé Okja. Mais lorsque la taille du cochon prend des proportions gigantesques, la multinationale responsable de sa création décide de le prendre, forçant la petite fille maintenant adolescente à partir en mission afin de le retrouver.",7
Moonlight,Barry Jenkins,2016,['Drame'],"Dans le Miami des années 80 en proie à la drogue, Moonlight se concentre sur trois moments de la vie de Chiron, un jeune homme qui se bat contre une vie familiale rude et sa sexualité naissante.",7.1
Nocturnal Animals,Tom Ford,2016,"['Drame', 'Thriller']","Susan Morrow, une galeriste d’art de Los Angeles, s’ennuie dans l’opulence de son existence, délaissée par son riche mari Hutton. Alors que ce dernier s’absente, encore une fois, en voyage d’affaires, Susan reçoit un colis inattendu : un manuscrit signé de son ex-mari Edward Sheffield dont elle est sans nouvelles depuis des années. Une note l’accompagne, enjoignant la jeune femme à le lire puis à le contacter lors de son passage en ville. Seule dans sa maison vide, elle entame la lecture de...  Voir plus",7
